,x,y,z,one-hot-atype
0,53.11,23.405,126.043,000000000001000000000000
1,51.895,23.909,126.674,001000000000000000000000
2,50.985,22.781,127.126,000000000010000000000000
3,50.149,22.953,128.007,000000010000000000000000
4,51.161,24.821,125.692,000000000000000001000000
5,49.823,25.279,126.166,000000100000000000000000
6,49.64,26.475,126.827,100000000000000000000000
7,48.599,24.704,126.076,000000000000010000000000
8,48.361,26.615,127.129,000000000000000000010000
9,47.708,25.555,126.683,000000000000000000100000
10,52.932,21.58,130.325,000000000001000000000000
11,52.719,22.536,131.398,001000000000000000000000
12,51.269,22.433,131.834,000000000010000000000000
13,50.997,22.431,133.03,000000010000000000000000
14,53.029,23.983,130.977,000000000000000001000000
15,52.877,24.982,132.094,000000100000000000000000
16,52.955,26.346,131.902,100000000000000000000000
17,52.647,24.809,133.42,000000000000010000000000
18,52.777,26.969,133.055,000000000000000000010000
19,52.589,26.058,133.992,000000000000000000100000
20,50.341,22.322,130.881,000000000001000000000000
21,48.924,22.224,131.225,001000000000000000000000
22,48.609,21.023,132.114,000000000010000000000000
23,47.793,21.13,133.015,000000010000000000000000
24,48.056,22.172,129.983,000000000000001000000000
25,46.594,22.026,130.327,000000000000001000000000
26,45.923,20.907,129.553,000000000010000000000000
27,45.803,20.984,128.325,000000010000000000000000
28,45.464,19.865,130.266,000000000001000000000000
29,50.277,21.673,135.701,000000000001000000000000
30,49.483,22.63,136.415,001000000000000000000000
31,48.119,22.149,136.903,000000000010000000000000
32,47.675,22.562,137.97,000000010000000000000000
33,49.302,23.87,135.571,000000000000000001000000
34,48.471,24.89,136.232,000000000000000000000100
35,47.088,24.819,136.169,000000000000000000000100
36,49.056,25.872,137.003,000000000000000000000100
37,46.301,25.706,136.871,000000000000000000000100
38,48.276,26.77,137.713,000000000000000000000100
39,46.896,26.686,137.649,000000000000000000000100
40,48.642,19.117,139.485,000000000001000000000000
41,49.098,19.665,140.75,001000000000000000000000
42,47.996,20.36,141.533,000000000010000000000000
43,47.918,20.249,142.749,000000010000000000000000
44,50.235,20.647,140.487,000000000000000001000000
45,50.595,21.515,141.658,000000000000000000000100
46,49.885,22.677,141.923,000000000000000000000100
47,51.65,21.184,142.483,000000000000000000000100
48,50.211,23.482,142.973,000000000000000000000100
49,51.993,21.982,143.54,000000000000000000000100
50,51.267,23.133,143.782,000000000010000000000000
51,51.597,23.935,144.843,000001000000000000000000
52,51.64,23.512,153.098,000000000001000000000000
53,52.286,24.125,151.956,001000000000000000000000
54,53.412,25.027,152.452,000000000010000000000000
55,54.541,24.894,152.003,000000010000000000000000
56,51.264,24.917,151.12,000000000000000000000010
57,51.865,25.681,149.958,000000000000000000000010
58,50.801,26.445,149.201,000000000000000000000010
59,51.424,27.497,148.26,000000000000000000000010
60,52.302,26.938,147.188,010000000000000000000000
61,53.115,25.884,153.431,000000000001000000000000
62,54.103,26.812,153.992,001000000000000000000000
63,55.288,26.107,154.637,000000000010000000000000
64,56.446,26.45,154.367,000000010000000000000000
65,53.457,27.768,154.994,000000000000000001000000
66,52.346,28.583,154.401,000000000000000000000100
67,52.152,28.629,153.015,000000000000000000000100
68,51.445,29.259,155.213,000000000000000000000100
69,51.085,29.317,152.454,000000000000000000000100
70,50.368,29.948,154.657,000000000000000000000100
71,50.194,29.965,153.279,000000000010000000000000
72,49.089,30.566,152.731,000001000000000000000000
73,57.36,24.783,152.001,000000000001000000000000
74,58.153,25.83,151.386,001000000000000000000000
75,59.327,26.312,152.219,000000000010000000000000
76,60.426,26.503,151.693,000000010000000000000000
77,57.246,26.991,150.979,000000000000001000000000
78,56.41,26.657,149.737,000000000000000000000001
79,55.464,27.778,149.405,000000000000000001000000
80,57.333,26.384,148.562,000000000000000001000000
81,59.114,26.449,153.524,000000000001000000000000
82,60.164,26.907,154.436,001000000000000000000000
83,61.183,25.846,154.818,000000000010000000000000
84,62.096,26.11,155.601,000000010000000000000000
85,59.546,27.474,155.689,000000000000001000000000
86,58.633,28.609,155.389,000000000000001000000000
87,57.857,28.998,156.6,000000000010000000000000
88,57.719,28.199,157.535,000000010000000000000000
89,57.341,30.224,156.612,000000000001000000000000
90,61.033,24.657,154.243,000000000001000000000000
91,61.931,23.545,154.509,001000000000000000000000
92,62.47,23.009,153.175,000000000010000000000000
93,61.89,22.095,152.578,000000010000000000000000
94,61.167,22.466,155.262,000000000000001000000000
95,62.079,21.47,155.928,000000000010000000000000
96,63.293,21.437,155.674,000000010000000000000000
97,61.505,20.648,156.801,000000000001000000000000
98,63.594,23.58,152.695,000000000001000000000000
99,64.256,23.212,151.434,001000000000000000000000
100,64.532,21.723,151.242,000000000010000000000000
101,64.546,21.235,150.118,000000010000000000000000
102,65.557,24.019,151.485,000000000000000001000000
103,65.153,25.241,152.239,000000000000000001000000
104,64.345,24.656,153.37,000000000000000001000000
105,61.235,20.916,149.807,000000000001000000000000
106,60.802,21.701,148.658,001000000000000000000000
107,61.823,21.965,147.57,000000000010000000000000
108,61.438,22.187,146.431,000000010000000000000000
109,60.198,23.024,149.112,000000000000001000000000
110,61.132,23.783,149.85,000001000000000000000000
111,63.109,21.983,147.912,000000000001000000000000
112,64.138,22.241,146.911,001000000000000000000000
113,64.189,21.086,145.927,000000000010000000000000
114,64.478,19.952,146.309,000000010000000000000000
115,65.51,22.465,147.551,000000000000001000000000
116,66.661,22.902,146.621,000000000000000000000001
117,66.384,24.259,145.97,000000000000000001000000
118,67.947,22.986,147.419,000000000000000001000000
119,66.666,22.009,140.229,000000000001000000000000
120,67.232,23.316,140.59,001000000000000000000000
121,68.76,23.417,140.613,000000000010000000000000
122,69.307,24.49,140.859,000000010000000000000000
123,66.591,23.868,141.885,000000000000001000000000
124,65.184,24.497,141.665,000000000000001000000000
125,64.371,24.757,142.955,000000001000000000000000
126,64.288,23.854,143.807,000000000000000100000000
127,63.759,25.846,143.094,000000000000000100000000
128,67.737,31.282,134.568,000000000001000000000000
129,67.461,32.668,134.976,001000000000000000000000
130,66.181,32.727,135.838,000000000010000000000000
131,65.31,31.853,135.723,000000010000000000000000
132,67.31,33.399,133.633,000000000000000001000000
133,66.865,32.338,132.686,000000000000000001000000
134,67.68,31.14,133.1,000000000000000001000000
135,66.049,33.752,136.682,000000000001000000000000
136,64.886,33.849,137.566,001000000000000000000000
137,63.971,35.054,137.382,000000000010000000000000
138,62.991,35.199,138.093,000000010000000000000000
139,65.337,33.757,139.019,000000000000001000000000
140,66.259,34.796,139.319,000001000000000000000000
141,64.315,35.957,136.483,000000000001000000000000
142,63.452,37.09,136.22,001000000000000000000000
143,63.577,37.453,134.744,000000000010000000000000
144,64.464,36.939,134.045,000000010000000000000000
145,63.789,38.273,137.115,000000000000001000000000
146,65.247,38.614,137.098,000000000010000000000000
147,65.777,39.106,136.107,000000010000000000000000
148,65.914,38.358,138.208,000000000001000000000000
149,62.7,38.337,134.273,000000000001000000000000
150,62.698,38.732,132.884,001000000000000000000000
151,64.014,39.256,132.312,000000000010000000000000
152,64.401,38.853,131.229,000000010000000000000000
153,61.579,39.716,132.609,000000000000000000000010
154,61.486,40.025,131.144,000000000000000000000010
155,60.467,41.07,130.824,000000000000000000000010
156,60.681,41.518,129.456,000000000100000000000000
157,61.0,42.76,129.123,000000000000000000000100
158,61.085,43.703,130.059,000000000100000000000000
159,61.192,43.066,127.847,000000000100000000000000
160,64.707,40.144,133.017,000000000001000000000000
161,65.968,40.668,132.501,001000000000000000000000
162,66.865,39.48,132.246,000000000010000000000000
163,67.215,39.197,131.112,000000010000000000000000
164,66.675,41.571,133.512,000000000000001000000000
165,65.824,42.631,134.203,000000000000001000000000
166,66.348,42.947,135.614,000000001000000000000000
167,67.592,42.849,135.807,000000000000000100000000
168,65.519,43.259,136.525,000000000000000100000000
169,66.522,36.296,131.88,000000000001000000000000
170,66.1,35.431,130.795,001000000000000000000000
171,66.324,36.005,129.368,000000000010000000000000
172,66.959,35.357,128.519,000000010000000000000000
173,64.637,35.029,131.003,000000000000000000000001
174,64.516,34.44,132.296,000001000000000000000000
175,64.177,34.025,129.966,000000000000000001000000
176,65.858,37.226,129.114,000000000001000000000000
177,66.019,37.824,127.796,001000000000000000000000
178,67.442,38.247,127.491,000000000010000000000000
179,67.724,38.753,126.415,000000010000000000000000
180,64.995,38.95,127.57,000000000000001000000000
181,63.622,38.381,127.128,000000000000001000000000
182,62.438,39.31,127.376,000000000010000000000000
183,62.604,40.513,127.621,000000010000000000000000
184,61.231,38.752,127.309,000000000001000000000000
185,55.031,19.54,142.455,000000000001000000000000
186,55.397,20.937,142.616,001000000000000000000000
187,56.574,21.293,141.721,000000000010000000000000
188,56.634,22.385,141.166,000000010000000000000000
189,55.732,21.21,144.084,000000000000000001000000
190,56.262,22.602,144.373,000000000000000000000100
191,55.399,23.671,144.539,000000000000000000000100
192,57.635,22.849,144.43,000000000000000000000100
193,55.886,24.945,144.739,000000000000000000000100
194,58.131,24.113,144.627,000000000000000000000100
195,57.25,25.159,144.773,000000000010000000000000
196,57.736,26.438,144.893,000001000000000000000000
197,55.55,21.17,137.784,000000000001000000000000
198,54.841,22.372,137.333,001000000000000000000000
199,55.784,23.548,137.084,000000000010000000000000
200,55.657,24.282,136.109,000000010000000000000000
201,53.807,22.794,138.378,000000000000000000000010
202,53.033,24.018,137.977,000000000000000000000010
203,51.995,24.373,138.998,000000000000000000000010
204,52.604,24.939,140.183,000000000100000000000000
205,51.971,25.751,141.018,000000000000000000000100
206,50.71,26.099,140.778,000000000100000000000000
207,52.574,26.154,142.132,000000000100000000000000
208,56.699,23.747,138.015,000000000001000000000000
209,57.67,24.816,137.934,001000000000000000000000
210,58.562,24.663,136.678,000000000010000000000000
211,58.678,25.582,135.869,000000010000000000000000
212,58.49,24.811,139.239,000000000000000000000010
213,59.715,25.675,139.249,000000000000000000000010
214,60.491,25.532,140.559,000000000000000000000010
215,59.621,25.909,141.764,000000000000000000000010
216,60.405,26.248,143.005,010000000000000000000000
217,56.829,25.286,133.565,000000000001000000000000
218,56.569,26.707,133.351,001000000000000000000000
219,57.847,27.302,132.789,000000000010000000000000
220,57.824,28.187,131.933,000000010000000000000000
221,56.22,27.414,134.652,000000000000001000000000
222,55.662,28.821,134.427,000000001000000000000000
223,55.702,29.33,133.286,000000000000000100000000
224,55.162,29.433,135.396,000000000000000100000000
225,58.977,26.788,133.251,000000000001000000000000
226,60.256,27.289,132.781,001000000000000000000000
227,60.475,26.991,131.305,000000000010000000000000
228,60.871,27.873,130.554,000000010000000000000000
229,61.384,26.693,133.606,000000000000000000000010
230,61.5,27.26,134.97,000000000000000000000010
231,62.637,26.579,135.681,000000000000000000000010
232,62.989,27.266,136.999,000000000000000000000010
233,64.127,26.592,137.726,010000000000000000000000
234,58.189,26.109,128.895,000000000001000000000000
235,57.257,26.815,128.041,001000000000000000000000
236,57.679,28.268,127.913,000000000010000000000000
237,57.566,28.867,126.857,000000010000000000000000
238,55.851,26.736,128.61,000000000000001000000000
239,54.796,27.454,127.749,000000000000001000000000
240,53.349,27.113,128.128,000000001000000000000000
241,53.102,26.672,129.269,000000000000000100000000
242,52.446,27.286,127.276,000000000000000100000000
243,58.21,28.833,128.984,000000000001000000000000
244,58.642,30.228,128.967,001000000000000000000000
245,59.85,30.463,128.098,000000000010000000000000
246,59.831,31.335,127.244,000000010000000000000000
247,58.946,30.734,130.387,000000000000000000000001
248,57.733,30.718,131.139,000001000000000000000000
249,59.504,32.154,130.356,000000000000000001000000
250,60.907,29.706,128.364,000000000001000000000000
251,62.159,29.797,127.629,001000000000000000000000
252,61.974,29.549,126.128,000000000010000000000000
253,62.52,30.283,125.314,000000010000000000000000
254,63.188,28.843,128.245,000000000000000001000000
255,63.507,29.147,129.701,000000000000000000000100
256,63.248,30.401,130.247,000000000000000000000100
257,64.081,28.187,130.521,000000000000000000000100
258,63.564,30.688,131.586,000000000000000000000100
259,64.402,28.474,131.864,000000000000000000000100
260,64.142,29.724,132.387,000000000000000000000100
261,59.111,29.913,124.445,000000000001000000000000
262,58.324,31.024,123.935,001000000000000000000000
263,59.253,32.189,123.562,000000000010000000000000
264,59.072,32.82,122.535,000000010000000000000000
265,57.346,31.494,125.007,000000000000000000000010
266,56.44,32.617,124.583,000000000000000000000010
267,55.667,32.234,123.343,000000000000000000000010
268,54.716,33.27,122.966,000000000100000000000000
269,54.025,33.265,121.837,000000000000000000000100
270,54.181,32.28,120.973,000000000100000000000000
271,53.171,34.236,121.586,000000000100000000000000
272,60.243,32.463,124.407,000000000001000000000000
273,61.198,33.545,124.193,001000000000000000000000
274,62.055,33.288,122.948,000000000010000000000000
275,62.217,34.169,122.109,000000010000000000000000
276,62.088,33.766,125.486,000000000000000000000001
277,61.249,34.445,126.598,000000000000001000000000
278,63.387,34.538,125.168,000000000000000001000000
279,62.054,35.059,127.767,000000000000000001000000
280,59.746,33.969,119.867,000000000001000000000000
281,59.434,35.329,119.467,001000000000000000000000
282,60.614,35.957,118.755,000000000010000000000000
283,60.444,36.836,117.911,000000010000000000000000
284,59.085,36.187,120.659,000000000000001000000000
285,57.626,35.623,121.537,000100000000000000000000
286,54.744,36.607,117.684,000000000001000000000000
287,54.255,37.078,118.982,001000000000000000000000
288,53.524,38.421,118.87,000000000010000000000000
289,52.656,38.74,119.693,000000010000000000000000
290,55.416,37.142,119.982,000000000000001000000000
291,56.157,35.49,120.143,000100000000000000000000
292,54.134,39.467,135.776,000000000001000000000000
293,55.194,38.528,136.052,001000000000000000000000
294,56.54,39.202,136.272,000000000010000000000000
295,57.57,38.549,136.194,000000010000000000000000
296,55.286,37.544,134.903,000000000000000000000010
297,55.8,36.217,135.319,000000000000000000000010
298,55.009,35.097,134.669,000000000000000000000010
299,55.737,34.508,133.55,000000000100000000000000
300,56.109,33.238,133.498,000000000000000000000100
301,55.846,32.417,134.511,000000000100000000000000
302,56.751,32.809,132.429,000000000100000000000000
303,56.544,40.505,136.536,000000000001000000000000
304,57.798,41.211,136.777,001000000000000000000000
305,57.853,41.908,138.134,000000000010000000000000
306,58.929,42.209,138.632,000000010000000000000000
307,58.05,42.245,135.699,000000000000001000000000
308,58.26,41.677,134.345,000000000000001000000000
309,58.411,42.757,133.31,000000001000000000000000
310,59.368,43.555,133.4,000000000000000100000000
311,57.548,42.823,132.419,000000000000000100000000
312,63.725,32.465,149.349,000000000001000000000000
313,64.803,31.497,149.348,001000000000000000000000
314,65.839,31.854,148.302,000000000010000000000000
315,65.604,31.698,147.105,000000010000000000000000
316,64.25,30.099,149.102,000000000000000000000010
317,65.088,29.001,149.696,000000000000000000000010
318,64.74,27.65,149.091,000000000000000000000010
319,65.124,27.599,147.683,000000000100000000000000
320,64.436,26.978,146.729,000000000000000000000100
321,63.314,26.332,147.014,000000000100000000000000
322,64.86,27.041,145.476,000000000100000000000000
323,69.404,31.038,146.928,000000000001000000000000
324,70.473,30.067,146.857,001000000000000000000000
325,69.874,28.713,147.22,000000000010000000000000
326,68.803,28.318,146.727,000000010000000000000000
327,70.529,28.034,148.15,000000000001000000000000
328,70.083,26.729,148.578,001000000000000000000000
329,68.979,26.814,149.622,000000000010000000000000
330,67.895,26.254,149.442,000000010000000000000000
331,71.278,25.947,149.127,000000000000001000000000
332,72.465,25.884,148.167,000000000000001000000000
333,73.721,25.335,148.824,000000000010000000000000
334,73.674,24.329,149.539,000000010000000000000000
335,74.854,25.994,148.584,000000000001000000000000
336,69.229,27.586,150.673,000000000001000000000000
337,68.273,27.694,151.764,001000000000000000000000
338,67.766,29.107,152.077,000000000010000000000000
339,68.279,30.097,151.539,000000010000000000000000
340,68.907,27.085,153.013,000000000000001000000000
341,67.979,26.967,154.205,000000000000001000000000
342,68.724,26.937,155.52,000000001000000000000000
343,69.924,26.553,155.528,000000000000000100000000
344,68.102,27.308,156.545,000000000000000100000000
345,66.703,29.179,152.887,000000000001000000000000
346,66.146,30.455,153.311,001000000000000000000000
347,67.155,30.935,154.319,000000000010000000000000
348,67.056,30.642,155.514,000000010000000000000000
349,64.827,30.296,154.042,000000000000000001000000
350,63.756,29.682,153.283,000000000000100000000000
351,63.569,28.355,153.08,000000000000010000000000
352,62.619,30.343,152.726,000000000000000000001000
353,62.37,28.14,152.445,000000000000000000100000
354,61.765,29.348,152.22,000000000000000010000000
355,62.231,31.674,152.621,000000000000000000000100
356,60.548,29.644,151.626,000000000000000000000100
357,61.02,31.963,152.032,000000000000000000000100
358,60.193,30.954,151.545,000000000000000000000100
359,60.756,45.332,140.25,000000000001000000000000
360,61.473,44.299,139.516,001000000000000000000000
361,62.722,43.833,140.254,000000000010000000000000
362,63.171,42.685,140.071,000000010000000000000000
363,61.873,44.828,138.135,000000000000001000000000
364,60.866,45.668,137.61,000001000000000000000000
365,61.631,41.279,142.817,000000000001000000000000
366,60.807,40.246,142.232,001000000000000000000000
367,61.572,39.272,141.367,000000000010000000000000
368,62.351,39.656,140.496,000000010000000000000000
369,59.653,40.861,141.46,000000000000000000000001
370,58.909,41.687,142.358,000001000000000000000000
371,58.728,39.784,140.892,000000000000000001000000
372,61.349,37.997,141.666,000000000001000000000000
373,61.958,36.881,140.983,001000000000000000000000
374,60.867,35.862,140.86,000000000010000000000000
375,59.891,35.912,141.588,000000010000000000000000
376,63.111,36.331,141.801,000000000000001000000000
377,64.242,37.17,141.642,000001000000000000000000
378,61.035,34.92,139.952,000000000001000000000000
379,60.005,33.92,139.718,001000000000000000000000
380,60.53,32.535,140.047,000000000010000000000000
381,61.746,32.316,140.068,000000010000000000000000
382,59.579,33.947,138.227,000000000000000000000001
383,59.38,35.393,137.764,000000000000001000000000
384,58.289,33.163,138.019,000000000000000001000000
385,58.238,36.093,138.441,000000000000000001000000
386,59.622,31.605,140.328,000000000001000000000000
387,60.019,30.232,140.616,001000000000000000000000
388,60.815,30.053,141.922,000000000010000000000000
389,61.35,28.978,142.191,000000010000000000000000
390,60.785,29.672,139.415,000000000000000001000000
391,59.985,29.823,138.12,000000000000100000000000
392,58.693,29.435,137.915,000000000000010000000000
393,60.426,30.411,136.88,000000000000000000001000
394,58.304,29.737,136.633,000000000000000000100000
395,59.343,30.334,135.974,000000000000000010000000
396,61.627,30.985,136.447,000000000000000000000100
397,59.425,30.81,134.659,000000000000000000000100
398,61.709,31.456,135.138,000000000000000000000100
399,60.609,31.363,134.259,000000000000000000000100
400,60.83,31.095,142.75,000000000001000000000000
401,61.504,31.103,144.042,001000000000000000000000
402,60.438,31.407,145.091,000000000010000000000000
403,59.668,32.356,144.937,000000010000000000000000
404,62.514,32.229,144.109,000000000000000000000001
405,63.666,31.949,143.178,000000000000001000000000
406,63.039,32.396,145.504,000000000000000001000000
407,64.643,33.112,143.156,000000000000000001000000
408,60.342,30.584,146.146,000000000001000000000000
409,59.321,30.893,147.141,001000000000000000000000
410,59.661,32.103,148.003,000000000010000000000000
411,60.83,32.454,148.207,000000010000000000000000
412,59.219,29.607,147.952,000000000000000001000000
413,60.564,29.009,147.828,000000000000000001000000
414,60.948,29.267,146.401,000000000000000001000000
415,57.846,34.381,151.505,000000000001000000000000
416,56.994,34.274,152.685,001000000000000000000000
417,56.878,35.697,153.199,000000000010000000000000
418,57.87,36.424,153.235,000000010000000000000000
419,57.619,33.393,153.763,000000000000001000000000
420,57.56,31.596,153.483,000100000000000000000000
421,50.46,35.339,157.905,000000000001000000000000
422,51.614,34.811,157.195,001000000000000000000000
423,51.145,34.3,155.84,000000000010000000000000
424,49.973,33.961,155.676,000000010000000000000000
425,52.262,33.666,157.988,000000000000001000000000
426,53.484,33.056,157.283,000000000000001000000000
427,54.08,31.847,158.005,000000001000000000000000
428,53.335,30.888,158.35,000000000000000100000000
429,55.316,31.857,158.198,000000000000000100000000
430,52.051,34.235,154.872,000000000001000000000000
431,51.68,33.76,153.549,001000000000000000000000
432,52.914,33.409,152.752,000000000010000000000000
433,53.813,34.235,152.647,000000010000000000000000
434,50.885,34.847,152.815,000000000000000000000010
435,50.077,34.346,151.635,000000000000000000000010
436,49.18,35.438,151.07,000000000000000000000010
437,48.371,34.954,149.842,000000000000000000000010
438,49.17,34.484,148.627,010000000000000000000000
439,52.987,32.18,152.234,000000000001000000000000
440,54.128,31.776,151.398,001000000000000000000000
441,53.662,31.42,149.968,000000000010000000000000
442,52.595,30.819,149.783,000000010000000000000000
443,54.939,30.657,152.057,000000000000001000000000
444,55.599,31.097,153.715,000100000000000000000000
445,54.44,31.853,148.968,000000000001000000000000
446,54.122,31.667,147.544,001000000000000000000000
447,55.347,31.989,146.683,000000000010000000000000
448,56.342,32.496,147.183,000000010000000000000000
449,53.02,32.674,147.142,000000000000000001000000
450,53.383,34.143,147.437,000000000000000000000100
451,54.218,34.863,146.591,000000000000000000000100
452,52.979,34.757,148.628,000000000000000000000100
453,54.652,36.144,146.927,000000000000000000000100
454,53.412,36.039,148.969,000000000000000000000100
455,54.253,36.725,148.115,000000000000000000000100
456,55.271,31.71,145.383,000000000001000000000000
457,56.354,32.079,144.444,001000000000000000000000
458,55.564,32.923,143.446,000000000010000000000000
459,54.43,32.572,143.141,000000010000000000000000
460,56.966,30.864,143.765,000000000000001000000000
461,55.955,30.13,143.121,000001000000000000000000
462,55.086,33.338,140.344,000000000001000000000000
463,54.396,32.692,139.225,001000000000000000000000
464,52.977,32.209,139.552,000000000010000000000000
465,52.123,32.111,138.662,000000010000000000000000
466,55.239,31.547,138.647,000000000000001000000000
467,55.921,30.689,139.723,000000001000000000000000
468,56.918,31.154,140.314,000000000000000100000000
469,55.5,29.526,139.939,000000000000000100000000
470,52.717,31.954,140.832,000000000001000000000000
471,51.411,31.498,141.279,001000000000000000000000
472,50.473,32.664,141.497,000000000010000000000000
473,49.277,32.476,141.69,000000010000000000000000
474,51.508,30.797,142.625,000000000000001000000000
475,52.561,29.743,142.783,000000000000001000000000
476,52.604,29.256,144.216,000000001000000000000000
477,52.256,30.053,145.113,000000000000000100000000
478,52.956,28.085,144.45,000000000000000100000000
479,54.599,42.039,128.689,000000000001000000000000
480,55.531,41.846,127.59,001000000000000000000000
481,55.097,40.637,126.782,000000000010000000000000
482,55.575,39.539,127.029,000000010000000000000000
483,56.948,41.594,128.108,000000000000001000000000
484,57.94,41.345,126.988,000000001000000000000000
485,57.669,41.781,125.855,000000000000000100000000
486,58.995,40.724,127.235,000000000000000100000000
487,54.179,40.821,125.836,000000000001000000000000
488,53.728,39.7,125.014,001000000000000000000000
489,54.645,39.571,123.817,000000000010000000000000
490,55.019,38.483,123.416,000000010000000000000000
491,52.333,39.902,124.445,000000000000000000000001
492,51.431,40.682,125.406,000000000000001000000000
493,51.741,38.54,124.167,000000000000000001000000
494,50.936,39.9,126.584,000000000000000001000000
495,55.014,40.723,123.284,000000000001000000000000
496,55.876,40.856,122.121,001000000000000000000000
497,57.218,40.155,122.237,000000000010000000000000
498,57.814,39.779,121.224,000000010000000000000000
499,56.105,42.343,121.819,000000000000001000000000
500,56.798,43.168,122.962,000000000000001000000000
501,55.872,43.631,124.138,000000000010000000000000
502,54.628,43.722,124.006,000000010000000000000000
503,56.505,43.968,125.279,000000000001000000000000
504,57.713,40.004,123.462,000000000001000000000000
505,58.989,39.339,123.643,001000000000000000000000
506,58.937,37.942,124.267,000000000010000000000000
507,59.983,37.337,124.483,000000010000000000000000
508,60.001,40.258,124.337,000000000000000000000010
509,60.672,41.247,123.39,000000000000000000000010
510,61.064,42.541,124.095,000000000000000000000010
511,59.815,43.383,124.497,000000000000000000000010
512,60.059,44.546,125.441,010000000000000000000000
513,57.736,37.411,124.507,000000000001000000000000
514,57.619,36.059,125.041,001000000000000000000000
515,57.462,35.81,126.542,000000000010000000000000
516,57.062,34.711,126.946,000000010000000000000000
517,57.765,36.817,127.365,000000000001000000000000
518,57.666,36.717,128.821,001000000000000000000000
519,56.249,36.448,129.314,000000000010000000000000
520,56.054,35.95,130.427,000000010000000000000000
521,58.211,37.988,129.485,000000000000000001000000
522,58.454,37.806,130.962,000000000000100000000000
523,57.81,38.438,131.986,000000000000010000000000
524,59.378,36.893,131.57,000000000000000000001000
525,58.275,37.977,133.185,000000000000000000100000
526,59.236,37.029,132.965,000000000000000010000000
527,60.307,35.968,131.067,000000000000000000000100
528,59.984,36.275,133.873,000000000000000000000100
529,61.053,35.213,131.969,000000000000000000000100
530,60.885,35.373,133.363,000000000000000000000100
531,52.028,35.299,127.905,000000000001000000000000
532,51.106,34.8,126.907,001000000000000000000000
533,49.77,34.847,127.573,000000000010000000000000
534,49.507,34.082,128.484,000000010000000000000000
535,51.35,33.343,126.578,000000000000000000000001
536,50.362,32.891,125.529,000000000000000001000000
537,52.776,33.133,126.101,000000000000000001000000
538,48.356,32.232,130.385,000000000001000000000000
539,48.073,30.823,130.074,001000000000000000000000
540,48.703,29.886,131.084,000000000010000000000000
541,49.872,30.027,131.425,000000010000000000000000
542,48.637,30.432,128.707,000000000000000000000010
543,48.061,31.169,127.546,000000000000000000000010
544,47.036,30.336,126.834,000000000000000000000010
545,47.631,29.53,125.78,000000000100000000000000
546,46.999,28.527,125.176,000000000000000000000100
547,45.757,28.208,125.539,000000000100000000000000
548,47.597,27.856,124.198,000000000100000000000000
549,47.945,28.888,131.505,000000000001000000000000
550,48.434,27.889,132.457,001000000000000000000000
551,49.014,28.443,133.745,000000000010000000000000
552,49.787,27.753,134.412,000000010000000000000000
553,49.521,27.018,131.825,000000000000001000000000
554,49.037,26.232,130.653,000000000010000000000000
555,49.783,26.04,129.695,000000010000000000000000
556,47.806,25.733,130.723,000000000001000000000000
557,48.696,29.679,134.096,000000000001000000000000
558,49.261,30.224,135.323,001000000000000000000000
559,48.416,31.315,135.897,000000000010000000000000
560,47.929,32.188,135.172,000000010000000000000000
561,50.701,30.73,135.124,000000000000001000000000
562,51.646,29.669,135.209,000001000000000000000000
563,48.272,31.26,137.217,000000000001000000000000
564,47.478,32.241,137.919,001000000000000000000000
565,45.978,32.036,137.778,000000000010000000000000
566,45.465,30.942,137.437,000000010000000000000000
