x,y,z,embedding
16.506,5.045,17.37,0.0 0.091885
15.3,5.717,16.856,0.0 0.091885
15.403,7.161,17.354,0.0 0.091885
14.515,7.667,18.045,0.0 0.091885
14.015,5.003,17.354,0.0 0.091885
13.714,3.617,16.769,0.0 0.091885
12.578,2.931,17.528,0.0 0.091885
13.454,3.668,15.23,0.0 0.091885
6.194,11.597,6.696,0.0 0.091885
5.848,11.105,5.361,0.0 0.091885
4.345,11.365,5.238,0.0 0.091885
3.566,10.824,6.026,0.0 0.091885
6.192,9.615,5.079,0.0 0.091885
5.724,9.19,3.682,0.0 0.091885
7.686,9.36,5.224,0.0 0.091885
2.036,12.21,8.36,0.0 0.091885
2.207,11.302,9.507,0.0 0.091885
3.68,11.274,9.983,0.0 0.091885
4.583,11.156,9.155,0.0 0.091885
1.652,9.915,9.156,0.0 0.091885
0.302,10.07,8.715,0.0 0.091885
1.6989999999999998,8.933,10.331,0.0 0.091885
3.905,11.381,11.31,0.0 0.091885
5.245,11.373,11.926,0.0 0.091885
5.711,9.946,12.211,0.0 0.091885
4.928,9.131,12.7,0.0 0.091885
5.25,12.182,13.232,0.0 0.091885
5.305,13.69,13.026,0.0 0.091885
6.718,14.221,13.048,0.0 0.091885
7.455,14.068,14.03,0.0 0.091885
7.11,14.901,11.98,0.0 0.091885
6.987,9.641,11.894,0.0 0.091885
7.558,8.314,12.145,0.0 0.091885
8.884,8.478,12.838,0.0 0.091885
9.561,9.476,12.618,0.0 0.091885
7.796,7.545,10.831,0.0 0.091885
6.549,7.348,10.004,0.0 0.091885
6.189,8.265,9.019,0.0 0.091885
5.73,6.243,10.2,0.0 0.091885
5.03,8.092,8.26,0.0 0.091885
4.574,6.054,9.444,0.0 0.091885
4.228,6.982,8.475,0.0 0.091885
3.086,6.796,7.737999999999999,0.0 0.091885
9.265,7.487,13.631,0.0 0.091885
10.56,7.475,14.312,0.0 0.091885
11.548,6.828,13.361,0.0 0.091885
11.181,5.911,12.607,0.0 0.091885
10.488,6.626,15.588,0.0 0.091885
9.447,7.096,16.617,0.0 0.091885
9.663,6.366,17.935,0.0 0.091885
10.902,6.812,18.572,0.0 0.091885
11.483,6.226,19.612,0.0 0.091885
10.962,5.123,20.14,0.0 0.091885
12.613,6.712,20.106,0.0 0.091885
14.484,-4.038,1.531,0.0 0.091885
13.716,-3.542,0.389,0.0 0.091885
13.372,-4.7,-0.542,0.0 0.091885
14.222,-5.5600000000000005,-0.816,0.0 0.091885
14.539,-2.492,-0.386,0.0 0.091885
14.104,-1.065,-0.221,0.0 0.091885
13.907,-0.521,1.045,0.0 0.091885
14.011,-0.218,-1.324,0.0 0.091885
13.557,0.822,1.201,0.0 0.091885
13.666,1.13,-1.165,0.0 0.091885
13.409,1.632,0.097,0.0 0.091885
12.106,-4.781,-0.992,0.0 0.091885
11.758,-5.832,-1.956,0.0 0.091885
12.303,-5.468,-3.354,0.0 0.091885
12.75,-4.322,-3.543,0.0 0.091885
10.225,-5.861,-1.891,0.0 0.091885
9.836,-4.475,-1.538,0.0 0.091885
10.985,-3.837,-0.784,0.0 0.091885
12.294,-6.408,-4.342,0.0 0.091885
12.841,-6.084,-5.673,0.0 0.091885
12.234,-4.844,-6.322,0.0 0.091885
11.026,-4.609,-6.232,0.0 0.091885
12.594,-7.36,-6.488,0.0 0.091885
12.47,-8.446,-5.486,0.0 0.091885
11.836,-7.814999999999999,-4.2780000000000005,0.0 0.091885
13.103,-4.012,-6.907,0.0 0.091885
12.734,-2.745,-7.545,0.0 0.091885
13.222,-2.719,-8.979,0.0 0.091885
14.062,-3.542,-9.365,0.0 0.091885
13.395,-1.553,-6.803,0.0 0.091885
14.8,-1.7970000000000002,-6.639,0.0 0.091885
12.752,-1.263,-5.462,0.0 0.091885
12.686,-1.756,-9.756,0.0 0.091885
13.065,-1.529,-11.147,0.0 0.091885
13.093,-1.524,-11.138,0.0 0.091885
13.373,-0.03,-11.337,0.0 0.091885
12.451,0.787,-11.248,0.0 0.091885
11.972,-2.025,-12.112,0.0 0.091885
12.089,-2.093,-12.164,0.0 0.091885
12.52,-2.842,-13.269,0.0 0.091885
12.563,-2.021,-13.615,0.0 0.091885
12.173,-4.317,-13.228,0.0 0.091885
13.941,-2.58,-13.932,0.0 0.091885
11.051,-4.677,-13.651,0.0 0.091885
14.727,-1.866,-14.595,0.0 0.091885
13.031,-5.116,-12.787,0.0 0.091885
14.237,-3.724,-13.518,0.0 0.091885
14.655,0.384,-11.542,0.0 0.091885
15.913,-0.411,-11.607,0.0 0.091885
16.231,-1.02,-10.226,0.0 0.091885
15.787,-0.457,-9.214,0.0 0.091885
16.961,0.623,-12.036,0.0 0.091885
16.422,1.941,-11.555,0.0 0.091885
14.924,1.828,-11.702,0.0 0.091885
17.713,-1.503,-6.983,0.0 0.091885
18.591,-0.705,-6.13,0.0 0.091885
18.94,-1.315,-4.774,0.0 0.091885
19.707,-0.714,-4.01,0.0 0.091885
18.181,0.792,-6.076,0.0 0.091885
16.689,0.964,-5.789,0.0 0.091885
18.558,1.486,-7.397,0.0 0.091885
16.174,0.539,-4.39,0.0 0.091885
26.322,3.252,-10.21,0.0 0.091885
25.014,3.942,-10.176,0.0 0.091885
25.227,5.463,-9.968,0.0 0.091885
24.494,6.271,-10.543,0.0 0.091885
24.143,3.36,-9.043,0.0 0.091885
22.725,3.873,-8.991,0.0 0.091885
21.732,3.31,-9.79,0.0 0.091885
22.373,4.904,-8.133,0.0 0.091885
20.42,3.822,-9.776,0.0 0.091885
21.053,5.39,-8.089,0.0 0.091885
20.085,4.843,-8.907,0.0 0.091885
26.243,5.837,-9.152,0.0 0.091885
26.554,7.234,-8.83,0.0 0.091885
27.796,7.785,-9.548,0.0 0.091885
28.319,8.82,-9.116,0.0 0.091885
26.709,7.385,-7.301,0.0 0.091885
25.432,7.069,-6.559,0.0 0.091885
24.316,7.894,-6.668,0.0 0.091885
25.339,5.947,-5.736,0.0 0.091885
23.118,7.584,-6.016,0.0 0.091885
24.16,5.647,-5.05,0.0 0.091885
23.047,6.459,-5.206,0.0 0.091885
21.866,6.135,-4.585,0.0 0.091885
28.072,11.493,-10.037,0.0 0.091885
27.935,12.351,-8.874,0.0 0.091885
29.244,12.31,-8.111,0.0 0.091885
29.51,11.354,-7.372,0.0 0.091885
26.788,11.856,-8.001,0.0 0.091885
26.522,12.784,-6.83,0.0 0.091885
27.378,13.6,-6.405,0.0 0.091885
25.305,12.717,-6.325,0.0 0.091885
29.449,11.714,-4.212,0.0 0.091885
28.978,10.446,-3.678,0.0 0.091885
29.802,9.231,-4.139,0.0 0.091885
30.031,8.292,-3.371,0.0 0.091885
27.476,10.332,-4.124,0.0 0.091885
26.94,8.916,-4.022,0.0 0.091885
26.599,11.308,-3.334,0.0 0.091885
24.217,6.735,2.268,0.0 0.091885
23.739,7.741,1.312,0.0 0.091885
23.759,7.739,1.292,0.0 0.091885
22.808,7.143,0.25,0.0 0.091885
21.786,7.76,-0.098,0.0 0.091885
24.901,8.531,0.703,0.0 0.091885
24.947,8.424,0.613,0.0 0.091885
25.722,9.32,1.738,0.0 0.091885
25.817,9.225,1.575,0.0 0.091885
24.924,10.22,2.6870000000000003,0.0 0.091885
25.141,10.412,2.251,0.0 0.091885
25.836,10.9,3.603,0.0 0.091885
26.129,11.119,3.062,0.0 0.091885
26.122,10.495,4.84,0.0 0.091885
26.913,12.088,2.608,0.0 0.091885
25.467,9.461,5.381,0.0 0.091885
26.774,12.536,1.365,0.0 0.091885
26.994,11.177,5.581,0.0 0.091885
27.819,12.639,3.399,0.0 0.091885
19.538,6.514,1.91,0.0 0.091885
18.973,7.833,2.165,0.0 0.091885
18.499,8.561,0.914,0.0 0.091885
17.849,9.601,1.02,0.0 0.091885
18.842,8.038,-0.273,0.0 0.091885
18.476,8.659,-1.554,0.0 0.091885
17.01,8.358,-1.924,0.0 0.091885
16.424,9.085,-2.72,0.0 0.091885
19.405,8.115,-2.653,0.0 0.091885
19.384,8.921,-3.943,0.0 0.091885
19.024,10.102,-3.952,0.0 0.091885
19.8,8.305,-5.044,0.0 0.091885
16.435,7.287,-1.347,0.0 0.091885
15.115,6.752,-1.7029999999999998,0.0 0.091885
13.986,7.382,-0.923,0.0 0.091885
13.673,6.922,0.168,0.0 0.091885
15.113,5.213,-1.6,0.0 0.091885
16.352,4.562,-2.216,0.0 0.091885
16.578,5.116,-3.939,0.0 0.091885
18.133,4.27,-4.346,0.0 0.091885
13.371,8.452,-1.485,0.0 0.091885
12.281,9.158,-0.803,0.0 0.091885
10.925,8.429,-0.989,0.0 0.091885
10.445,8.319,-2.127,0.0 0.091885
12.228,10.625,-1.254,0.0 0.091885
11.289,11.531,-0.492,0.0 0.091885
10.481,11.106,0.334,0.0 0.091885
11.395,12.817,-0.749,0.0 0.091885
10.303,7.912,0.107,0.0 0.091885
9.019,7.205,-0.043,0.0 0.091885
7.818,8.145,-0.242,0.0 0.091885
6.728,7.678,-0.574,0.0 0.091885
8.897,6.451,1.281,0.0 0.091885
9.539,7.372,2.276,0.0 0.091885
10.722,7.952,1.531,0.0 0.091885
8.009,9.447,0.021,0.0 0.091885
6.972,10.481,-0.053,0.0 0.091885
6.958,11.17,-1.411,0.0 0.091885
8.016,11.386,-2.01,0.0 0.091885
7.225,11.535,1.037,0.0 0.091885
6.037,12.394,1.455,0.0 0.091885
6.176,13.16,2.434,0.0 0.091885
4.975,12.308,0.797,0.0 0.091885
5.755,11.584,-1.855,0.0 0.091885
5.543,12.326,-3.102,0.0 0.091885
6.116,13.754,-2.984,0.0 0.091885
6.346,14.407,-4.002,0.0 0.091885
4.045,12.338,-3.475,0.0 0.091885
3.57,11.132,-4.307,0.0 0.091885
3.427,9.813,-3.519,0.0 0.091885
4.564,8.853,-3.8,0.0 0.091885
4.535,7.671,-2.899,0.0 0.091885
9.212,16.189,-2.172,0.0 0.091885
10.678,16.203,-2.263,0.0 0.091885
11.378,16.616,-0.958,0.0 0.091885
12.549,16.275,-0.766,0.0 0.091885
11.151,17.057,-3.465,0.0 0.091885
11.628,18.467,-3.129,0.0 0.091885
11.124,19.576,-4.031,0.0 0.091885
11.453,19.562,-5.24,0.0 0.091885
10.431,20.485,-3.518,0.0 0.091885
10.526,15.695,2.204,0.0 0.091885
10.397,14.695,3.275,0.0 0.091885
11.797,14.277,3.742,0.0 0.091885
12.68,14.028,2.914,0.0 0.091885
9.637,13.468,2.786,0.0 0.091885
9.634,12.426,3.751,0.0 0.091885
11.998,14.251,5.063,0.0 0.091885
13.273,13.898,5.6850000000000005,0.0 0.091885
13.334,12.413,6.059,0.0 0.091885
14.275,12.0,6.752,0.0 0.091885
13.533,14.785,6.912,0.0 0.091885
13.709,16.257,6.603,0.0 0.091885
12.907,17.099,7.021,0.0 0.091885
14.781,16.609,5.9,0.0 0.091885
12.346,11.595,5.597,0.0 0.091885
12.379,10.176,5.897,0.0 0.091885
13.457,9.49,5.073,0.0 0.091885
13.378,9.443,3.842,0.0 0.091885
11.023,9.48,5.699,0.0 0.091885
10.978,8.12,6.368,0.0 0.091885
10.468,7.971,7.659,0.0 0.091885
11.529,6.999,5.752,0.0 0.091885
10.465,6.73,8.297,0.0 0.091885
11.524,5.753,6.375,0.0 0.091885
11.005,5.625,7.655,0.0 0.091885
11.035,4.4030000000000005,8.276,0.0 0.091885
14.463,8.937,5.781,0.0 0.091885
15.58,8.255,5.149,0.0 0.091885
15.785,6.902,5.782,0.0 0.091885
16.09,6.781,6.998,0.0 0.091885
16.84,9.119,5.221,0.0 0.091885
16.763,10.391,4.365,0.0 0.091885
18.088,11.128,4.388,0.0 0.091885
18.037,12.386,3.553,0.0 0.091885
19.337,13.103,3.613,0.0 0.091885
15.541,5.864,4.964,0.0 0.091885
15.663,4.479,5.391,0.0 0.091885
17.083,4.143,5.912,0.0 0.091885
18.071,4.628,5.356,0.0 0.091885
15.344,3.529,4.226,0.0 0.091885
13.889,3.553,3.811,0.0 0.091885
13.467,4.305,2.716,0.0 0.091885
12.939,2.798,4.494,0.0 0.091885
12.119,4.344,2.344,0.0 0.091885
11.595,2.82,4.126,0.0 0.091885
11.19,3.588,3.047,0.0 0.091885
9.848,3.61,2.711,0.0 0.091885
13.645,-1.658,4.549,0.0 0.091885
12.286,-1.134,4.366,0.0 0.091885
11.647,-0.943,5.748,0.0 0.091885
10.939,0.039,5.963,0.0 0.091885
11.453,-2.128,3.543,0.0 0.091885
10.097,-1.599,3.137,0.0 0.091885
9.913,-0.961,1.915,0.0 0.091885
8.982,-1.791,3.947,0.0 0.091885
8.651,-0.517,1.512,0.0 0.091885
7.72,-1.335,3.564,0.0 0.091885
7.56,-0.695,2.349,0.0 0.091885
6.314,-0.24,1.986,0.0 0.091885
12.341,-0.079,9.55,0.0 0.091885
13.299,0.637,10.396,0.0 0.091885
13.19,0.22,11.878,0.0 0.091885
14.026,0.618,12.699,0.0 0.091885
13.111,2.142,10.251,0.0 0.091885
12.159,-0.574,12.214,0.0 0.091885
11.949,-1.049,13.581,0.0 0.091885
13.051,-2.032,13.904,0.0 0.091885
13.53,-2.734,13.005,0.0 0.091885
10.58,-1.731,13.706,0.0 0.091885
13.478,-2.081,15.173,0.0 0.091885
14.55,-2.987,15.574,0.0 0.091885
14.154,-3.953,16.681,0.0 0.091885
14.812,-4.978,16.839,0.0 0.091885
15.83,-2.203,15.944,0.0 0.091885
16.356,-1.377,14.774,0.0 0.091885
16.766,0.012,15.201,0.0 0.091885
17.768,0.192,15.891,0.0 0.091885
16.019,1.035,14.792,0.0 0.091885
13.111,-3.616,17.469,0.0 0.091885
12.668,-4.508,18.543,0.0 0.091885
11.14,-4.492,18.658,0.0 0.091885
10.523,-3.434,18.637,0.0 0.091885
13.3,-4.129,19.895,0.0 0.091885
12.995,-5.154,20.988,0.0 0.091885
13.774,-5.046,22.279,0.0 0.091885
13.847,-3.933,22.848,0.0 0.091885
14.289,-6.089,22.741,0.0 0.091885
10.57,-5.674,18.837,0.0 0.091885
9.15,-5.891,19.105,0.0 0.091885
9.17,-7.19,19.913,0.0 0.091885
9.166,-8.29,19.351,0.0 0.091885
8.348,-5.989,17.814,0.0 0.091885
6.85,-6.05,18.003,0.0 0.091885
6.244,-5.226,18.698,0.0 0.091885
6.217,-7.001,17.334,0.0 0.091885
10.752,-9.745,17.24,0.0 0.091885
12.148,-9.608,16.807,0.0 0.091885
12.956,-8.758,17.786,0.0 0.091885
12.384,-7.962,18.527,0.0 0.091885
12.218,-9.035,15.376,0.0 0.091885
11.432,-7.764,15.139,0.0 0.091885
11.999,-6.517,15.391,0.0 0.091885
10.128,-7.812,14.653,0.0 0.091885
11.28,-5.341,15.161,0.0 0.091885
9.402,-6.635,14.434,0.0 0.091885
9.987,-5.404,14.676,0.0 0.091885
14.273,2.448,22.55,0.0 0.091885
13.069,1.624,22.566,0.0 0.091885
12.169,2.062,23.71,0.0 0.091885
12.67,2.179,24.831,0.0 0.091885
13.437,0.13,22.728,0.0 0.091885
12.269,-0.871,22.559,0.0 0.091885
11.69,-0.98,21.155,0.0 0.091885
12.141,-0.357,20.193,0.0 0.091885
10.645,-1.767,21.016,0.0 0.091885
10.837,2.226,23.476,0.0 0.091885
9.938,2.606,24.587,0.0 0.091885
9.737,1.516,25.64,0.0 0.091885
10.322,0.437,25.552,0.0 0.091885
8.621,2.97,23.881,0.0 0.091885
8.659,2.286,22.582,0.0 0.091885
10.105,2.122,22.193,0.0 0.091885
11.546,8.673,25.06,0.0 0.091885
12.195,7.393,24.763,0.0 0.091885
13.623,7.549,24.222,0.0 0.091885
14.39,6.584,24.286,0.0 0.091885
11.343,6.561,23.78,0.0 0.091885
9.874,6.448,24.14,0.0 0.091885
8.883,6.71,23.197,0.0 0.091885
9.474,6.091,25.429,0.0 0.091885
7.53,6.609,23.522,0.0 0.091885
8.124,5.991,25.766,0.0 0.091885
7.155,6.244,24.807,0.0 0.091885
5.823,6.135,25.132,0.0 0.091885
3.904,2.916,15.87,0.0 0.091885
3.898,2.642,15.982,0.0 0.091885
4.714,4.095,15.576,0.0 0.091885
4.717,3.778,15.567,0.0 0.091885
5.804,4.353,16.619,0.0 0.091885
5.86,4.048,16.558,0.0 0.091885
6.834,4.946,16.286,0.0 0.091885
6.972,4.369,16.132,0.0 0.091885
3.829,5.342,15.398,0.0 0.091885
3.847,5.03,15.364,0.0 0.091885
3.753,5.849,13.956,0.0 0.091885
4.556,6.167,14.622,0.0 0.091885
2.528,5.32,13.208,0.0 0.091885
4.508,7.485,15.395,0.0 0.091885
2.846,4.134,12.328,0.0 0.091885
5.549,7.612999999999999,16.483,0.0 0.091885
1.612,3.489,11.809,0.0 0.091885
4.922,7.622,17.828,0.0 0.091885
5.584,3.915,17.874,0.0 0.091885
6.5600000000000005,4.119,18.951,0.0 0.091885
7.777,3.174,18.865,0.0 0.091885
8.818,3.477,19.452,0.0 0.091885
5.885,4.094,20.342,0.0 0.091885
5.121,2.828,20.706,0.0 0.091885
4.783,2.664,21.903,0.0 0.091885
4.826,2.018,19.789,0.0 0.091885
7.662,2.066,18.097,0.0 0.091885
8.764,1.119,17.897,0.0 0.091885
9.476,1.268,16.524,0.0 0.091885
10.391,0.507,16.214,0.0 0.091885
8.403,-0.353,18.273,0.0 0.091885
7.435,-0.999,17.255,0.0 0.091885
7.87,-0.444,19.711,0.0 0.091885
8.004,-2.217,16.582,0.0 0.091885
9.063,2.246,15.729,0.0 0.091885
9.676,2.471,14.424,0.0 0.091885
8.872,1.99,13.232,0.0 0.091885
9.416,1.935,12.121,0.0 0.091885
7.557,1.654,13.437,0.0 0.091885
6.646,1.257,12.343,0.0 0.091885
6.742,2.356,11.287,0.0 0.091885
6.731,3.54,11.634,0.0 0.091885
5.215,1.138,12.856,0.0 0.091885
6.968,1.956,10.041,0.0 0.091885
7.22,2.888,8.949,0.0 0.091885
6.112,3.099,7.936,0.0 0.091885
5.051,2.47,8.028,0.0 0.091885
6.351,3.995,6.942,0.0 0.091885
5.309,4.267,5.939,0.0 0.091885
5.129,3.144,4.925,0.0 0.091885
6.046,2.362,4.696,0.0 0.091885
5.802,5.55,5.258,0.0 0.091885
7.292,5.486,5.376,0.0 0.091885
7.559,4.821,6.704,0.0 0.091885
3.934,3.062,4.336,0.0 0.091885
3.636,2.098,3.284,0.0 0.091885
4.014,2.8,1.968,0.0 0.091885
3.451,3.851,1.639,0.0 0.091885
2.184,1.52,3.339,0.0 0.091885
1.135,2.597,3.625,0.0 0.091885
1.838,0.719,2.086,0.0 0.091885
5.051,2.284,1.294,0.0 0.091885
5.5600000000000005,2.878,0.062,0.0 0.091885
5.71,1.854,-1.048,0.0 0.091885
6.194,0.744,-0.81,0.0 0.091885
6.886,3.567,0.323,0.0 0.091885
6.471,3.307,-4.546,0.0 0.091885
7.396,4.003,-5.447,0.0 0.091885
8.23,5.021,-4.686,0.0 0.091885
7.748,5.633,-3.732,0.0 0.091885
6.662,4.64,-6.624,0.0 0.091885
5.933,3.442,-7.775,0.0 0.091885
9.488,5.191,-5.111,0.0 0.091885
10.443,6.103,-4.485,0.0 0.091885
10.994,7.048,-5.519,0.0 0.091885
11.195,6.652,-6.664,0.0 0.091885
11.602,5.304,-3.84,0.0 0.091885
11.143,4.182,-2.943,0.0 0.091885
11.0,2.889,-3.436,0.0 0.091885
10.841,4.417,-1.605,0.0 0.091885
10.528,1.856,-2.614,0.0 0.091885
10.386,3.381,-0.779,0.0 0.091885
10.229,2.108,-1.287,0.0 0.091885
11.224,8.301,-5.119,0.0 0.091885
11.812,9.344,-5.949,0.0 0.091885
13.206,9.636,-5.375,0.0 0.091885
13.333,9.932,-4.179,0.0 0.091885
10.895,10.573,-5.983,0.0 0.091885
9.603,10.156,-6.434,0.0 0.091885
11.429,11.685,-6.89,0.0 0.091885
14.249,9.504,-6.207,0.0 0.091885
15.618,9.779,-5.7620000000000005,0.0 0.091885
15.776,11.235,-5.415,0.0 0.091885
15.271,12.113,-6.129,0.0 0.091885
16.663,9.307,-6.782,0.0 0.091885
16.502,10.019,-8.009,0.0 0.091885
16.619,7.81,-7.015,0.0 0.091885
16.474,11.502,-4.319,0.0 0.091885
16.719,12.853,-3.832,0.0 0.091885
17.855,13.523,-4.602,0.0 0.091885
17.781,14.722,-4.885,0.0 0.091885
17.035,12.838,-2.334,0.0 0.091885
15.849,12.411,-1.465,0.0 0.091885
16.219,12.412,0.009,0.0 0.091885
15.029,12.452,0.855,0.0 0.091885
14.47,11.396,1.439,0.0 0.091885
15.002,10.186,1.294,0.0 0.091885
13.378,11.541,2.177,0.0 0.091885
18.915,12.768,-4.9190000000000005,0.0 0.091885
20.061,13.335,-5.646,0.0 0.091885
19.815,13.357,-7.143,0.0 0.091885
19.194,12.439,-7.682,0.0 0.091885
21.368,12.617,-5.292,0.0 0.091885
21.678,12.69,-3.811,0.0 0.091885
23.17,11.81,-3.295,0.0 0.091885
22.676,10.135,-3.553,0.0 0.091885
20.278,14.433,-7.805,0.0 0.091885
20.117,14.643,-9.248,0.0 0.091885
20.904,13.603,-10.066,0.0 0.091885
22.016,13.249,-9.665,0.0 0.091885
20.525,16.062,-9.638,0.0 0.091885
21.87,16.327,-9.273,0.0 0.091885
14.736,10.499,-10.39,0.0 0.091885
14.142,9.366,-11.088,0.0 0.091885
13.184,8.623,-10.172,0.0 0.091885
13.311,8.696,-8.942,0.0 0.091885
15.21,8.442,-11.719,0.0 0.091885
15.958,7.537,-10.747,0.0 0.091885
16.936,6.623,-11.442,0.0 0.091885
16.561,5.672,-12.133,0.0 0.091885
18.215,6.858,-11.225,0.0 0.091885
12.207,7.938,-10.774,0.0 0.091885
11.198,7.184,-10.051,0.0 0.091885
11.579,5.713,-10.044,0.0 0.091885
11.804,5.116,-11.099,0.0 0.091885
9.812,7.404,-10.684,0.0 0.091885
8.637,7.158,-9.728,0.0 0.091885
7.287,7.215,-10.413,0.0 0.091885
6.455,6.313,-10.27,0.0 0.091885
7.023,8.283,-11.158,0.0 0.091885
11.707,5.14,-8.842,0.0 0.091885
12.054,3.735,-8.666,0.0 0.091885
10.859,3.081,-7.993,0.0 0.091885
10.463,3.505,-6.908,0.0 0.091885
13.406,3.565,-7.896,0.0 0.091885
14.585,4.122,-8.737,0.0 0.091885
13.647,2.1,-7.519,0.0 0.091885
15.936,4.301,-7.98,0.0 0.091885
10.254,2.097,-8.658,0.0 0.091885
9.064,1.406,-8.154,0.0 0.091885
9.338,-0.054,-7.819,0.0 0.091885
10.193,-0.684,-8.446,0.0 0.091885
7.897,1.546,-9.133,0.0 0.091885
7.268,3.238,-9.309,0.0 0.091885
8.573,-0.602,-6.852,0.0 0.091885
8.672,-2.006,-6.443,0.0 0.091885
8.199,-2.953,-7.564,0.0 0.091885
7.439,-2.531,-8.442,0.0 0.091885
7.915,-2.275,-5.118,0.0 0.091885
8.29,-1.412,-3.885,0.0 0.091885
7.433,-1.759,-2.685,0.0 0.091885
9.753,-1.535,-3.524,0.0 0.091885
8.68,-4.224,-7.532,0.0 0.091885
8.441,-5.363,-8.446,0.0 0.091885
9.519,-5.548,-9.519,0.0 0.091885
10.319,-4.65,-9.769,0.0 0.091885
7.02,-5.414,-9.053,0.0 0.091885
5.878,-5.298,-8.064,0.0 0.091885
5.888,-5.876,-6.967,0.0 0.091885
4.855,-4.547,-8.446,0.0 0.091885
