x,y,z,one-hot-atype
7.617,0.212,49.118,000000000001000000000000
8.972,0.781,49.132,001000000000000000000000
10.091,-0.267,48.982,000000000010000000000000
10.436,-0.642,47.865,000000010000000000000000
9.18,1.619,50.402,000000000000000001000000
10.483,2.396,50.438,000000000000000000000100
10.764,3.371,49.481,000000000000000000000100
11.433,2.156,51.431,000000000000000000000100
11.957,4.091,49.512,000000000000000000000100
12.63,2.871,51.471,000000000000000000000100
12.884,3.835,50.509,000000000010000000000000
14.065,4.542,50.545,000001000000000000000000
10.653,-0.749,50.096,000000000001000000000000
11.725999999999999,-1.758,50.046,001000000000000000000000
11.196,-3.065,49.46,000000000010000000000000
11.947,-3.989,49.115,000000010000000000000000
12.321,-2.006,51.432,000000000000000000000010
13.833,-1.827,51.476,000000000000000000000010
14.492,-2.809,52.43,000000000000000000000010
14.350999999999999,-4.239,51.927,000000000000000000000010
15.057,-5.215,52.8,010000000000000000000000
12.85,-4.679,46.558,000000000001000000000000
13.77,-5.807,46.592,001000000000000000000000
12.915,-7.052,46.352,000000000010000000000000
13.066,-7.737,45.337,000000010000000000000000
14.454,-5.89,47.963,000000000000000001000000
15.925,-6.201,47.892,000000000000000000000100
16.829,-5.236,47.472,000000000000000000000100
16.41,-7.448,48.271,000000000000000000000100
18.195,-5.507,47.418,000000000000000000000100
17.776,-7.729,48.221,000000000000000000000100
18.67,-6.752,47.798,000000000000000000000100
17.241,-8.131,14.488,000000000001000000000000
16.264,-7.198,15.041,001000000000000000000000
15.1,-7.945,15.716,000000000010000000000000
15.028,-7.98,16.948,000000010000000000000000
15.786,-6.204,13.975999999999999,000000000000001000000000
16.887,-5.467,13.207,000000000000000000000001
16.273,-4.648,12.091,000000000000000001000000
17.699,-4.59,14.148,000000000000000001000000
22.861,-0.314,49.219,000000000001000000000000
21.506,-0.879,49.248,001000000000000000000000
20.387,0.173,49.121,000000000010000000000000
20.026,0.553,48.009,000000010000000000000000
21.311,-1.725,50.516,000000000000000001000000
20.007,-2.499,50.564,000000000000000000000100
19.711,-3.468,49.605,000000000000000000000100
19.07,-2.263,51.571,000000000000000000000100
18.517,-4.185,49.647,000000000000000000000100
17.872,-2.976,51.622,000000000000000000000100
17.603,-3.933,50.658,000000000010000000000000
16.422,-4.638,50.705,000001000000000000000000
19.839,0.648,50.243,000000000001000000000000
18.768,1.6600000000000001,50.213,001000000000000000000000
19.294,2.969,49.628,000000000010000000000000
18.54,3.8970000000000002,49.298,000000010000000000000000
18.191,1.901,51.608,000000000000000000000010
16.68,1.725,51.671,000000000000000000000010
16.035,2.703,52.639,000000000000000000000010
16.173,4.136,52.143,000000000000000000000010
15.48,5.108,53.031,010000000000000000000000
17.605,4.604,46.756,000000000001000000000000
16.689,5.734,46.811,001000000000000000000000
17.543,6.979,46.565,000000000010000000000000
17.381,7.67,45.557,000000010000000000000000
16.023,5.811,48.19,000000000000000001000000
14.552,6.124,48.14,000000000000000000000100
13.64,5.165,47.726,000000000000000000000100
14.074,7.371,48.532,000000000000000000000100
12.274000000000001,5.439,47.692,000000000000000000000100
12.708,7.655,48.502,000000000000000000000100
11.807,6.683,48.085,000000000000000000000100
24.96,0.366,15.116,000000000001000000000000
23.871,-0.265,14.407,001000000000000000000000
22.721,0.683,14.094,000000000010000000000000
21.861,0.355,13.277,000000010000000000000000
23.378,-1.512,15.137,000000000000001000000000
23.49,-2.762,14.281,000000000010000000000000
22.563,-3.565,14.212,000000010000000000000000
24.63,-2.926,13.615,000000000001000000000000
