,x,y,z,embedding
42,4.704,62.52,40.089,0.23096435 -0.036018517 0.18802921 0.14562212 -0.16125734 -0.15197092 -0.24950291 -0.064572275 0.08264159 -0.54909104 -0.10957977 -0.07292346 0.28322467 -0.07380343 -0.2214856 -0.16193429 0.5319539 0.17211607 -0.3884713 -0.033139568 -0.01701511 -0.015589163 0.42592168 -0.24845684 -2.162424 -0.16178595 0.51391697 0.054462045 0.19456878 -0.16687404 0.3292163 -0.0631092 -0.1320696 -0.18883987 0.45114535 -0.08605561 0.38885367 0.10107289 -0.014909544 -0.64470345 0.17172597 -0.22725604 0.23755667 -0.29771218 0.08701762 -0.13942418 0.4232328 0.4079148 0.8039139 -0.29859713 -0.4355275 -0.32672295 -0.28407556 0.09773384 0.07013146 0.24157603 0.20198032 -0.056183726 -0.19580735 -0.25703982 0.34501562 -0.010463801 0.55083656 -0.32859972 -0.14148313 0.10610973 -0.007015722 0.12536687 0.21819083 -0.3167721 0.03698417 -0.09456997 0.13009398 0.11709045 0.12614287 0.0028946176 -0.27526662 0.07408923 0.3579816 0.35026076 0.42794794 0.3560654 -0.19962223 -0.20006086 -0.036870267 0.08896497 0.25000727 0.16811973 0.24537975 0.14113991 0.36175615 -0.24809344 -0.32209805 -0.61515844 0.24520984 -0.51501757 0.34420586 -0.21211472 0.036208328 0.32290727 0.35893694 -0.46015626 -0.56647956 -0.42766672 0.4354629 -0.31656262 0.16874558 -0.2191388 -0.6357032 -0.16161127 0.09958811 0.15301897 -0.72148186 -0.037093863 -0.119797304 0.6817678 0.17265148 0.36708957 0.058631614 -0.09700901 0.2393512 -0.21359293 0.8202177 0.00083592965 -1.2025578 0.025243608 -0.32218754 -0.0012976056
41,19.72,72.316,46.381,0.44974366 -0.06107215 0.36698127 -0.045876887 -0.02317018 -0.03171955 -0.14078271 0.11413564 0.23932311 -0.33014604 -0.061326608 -0.07517059 0.19905095 0.20103827 -0.075824276 -0.39197475 -0.14502844 0.18685558 0.16938232 -0.06327578 -0.098261625 -0.5670874 0.0254375 -0.09931192 -2.5969837 -0.3077083 0.16640013 -0.13904797 -0.082034834 -0.25407764 0.03257949 0.11417173 0.24267186 0.13782972 0.27766198 0.11577685 0.23935838 -0.16488892 0.12279721 -0.6650872 -0.013140418 -0.2358762 0.21880019 -0.2474571 0.015471674 0.0042769895 0.30393466 0.40550062 0.29755914 -0.16170526 -0.32507336 -0.2607136 -0.21237461 -0.1333279 -0.11454219 -0.009858605 0.09014616 0.28504366 0.23256916 0.027828058 0.17347835 -0.008974084 0.21506155 0.16965553 -0.1478778 0.13601582 -0.110407695 0.28274468 -0.098244816 -0.20497005 -0.02135199 -0.12994811 0.088814035 0.26773122 -0.0086859185 -0.13925588 0.1583101 -0.16295132 0.61699015 0.42257842 -0.08229031 0.34668344 -0.41390038 0.00085162855 -0.12763985 0.1612962 0.10432164 -0.11799659 0.22031789 0.12253751 0.2585054 0.051100586 -0.24866055 -0.3431435 -0.15840454 -0.1905905 0.09147328 -0.2090799 0.14820762 0.24990244 0.28024656 -0.2891681 -0.4511203 -0.1616382 0.17987804 0.14072356 0.12666921 -0.18694521 -0.53733766 -0.19291475 0.071252696 0.30602896 -0.5460147 -0.030382 0.1485756 0.42177388 0.12528428 -0.10460474 0.07376897 0.03559814 0.20946176 0.27299717 0.06575183 0.22575282 -0.36785764 -0.033123538 0.43995243 0.092260025
40,20.873,72.891,50.008,0.341252 0.022884522 0.23397493 -0.02321482 0.20078805 -0.11670886 0.023510631 -0.08595274 -0.5025896 0.03183975 -0.0055666934 -0.17206465 0.34146228 0.3025556 -0.1660409 -0.17352869 0.40826896 0.21127704 0.29448214 0.041054603 -0.05131634 -0.06585561 -0.019408796 0.06622623 -2.6869848 -0.079359494 -0.2514709 -0.28235698 0.07832933 -0.070782974 -0.25183237 -0.12597284 0.045234986 -0.073207036 0.27019042 -0.2963166 0.22950217 -0.0024401918 0.25228798 -0.17447625 0.35641932 0.033153504 0.18450713 -0.010966572 0.26721367 -0.23876855 0.4031717 0.20574811 -0.105563596 0.1961109 -0.12375327 -0.26325428 -0.07010088 0.12295346 0.07438507 0.06577155 0.010259139 0.10563632 0.08305341 0.007965436 -0.088303395 0.0024720356 -0.112145886 -0.20453241 0.071139224 0.028012784 0.01545623 -0.15721759 -0.093358 -0.15022223 0.0139328325 -0.2228492 0.18444781 -0.48647457 0.0012690581 0.033838328 0.052711885 -0.0013158448 0.38195205 0.15440771 -0.2064567 0.02630199 -0.12042362 -0.24050128 0.39449865 0.020535588 -0.34783694 0.09265919 0.1671265 0.17300273 0.05998091 0.37092134 -0.11156439 -0.13226183 -0.110745445 -0.33929738 0.10028161 -0.10678071 0.11401999 0.2965502 0.081009395 -0.034750078 -0.15356438 -0.08030157 0.2518713 0.15692599 -0.15081574 -0.20616013 -0.10867548 -0.09663421 -0.12374923 0.44361788 -0.90856326 0.428629 -0.12515005 0.447936 0.026536187 0.04185413 0.23467237 0.2744419 0.15355839 -0.2667203 0.22454114 0.37655005 -0.32929546 0.101805955 0.38397458 0.06467049
39,19.572,74.089,53.391,0.11361175 0.101024866 0.41329488 -0.08217875 -0.46343806 -0.08038356 -0.14748825 0.121677876 -0.56051636 -0.5387208 0.37103087 -0.004204546 0.059891947 0.025723254 -0.4734905 0.20531185 0.32233965 0.28508332 0.22724964 -0.024223844 0.13775583 -0.30597508 -0.04418914 -0.4148022 -2.5221322 0.012722563 0.44207147 -0.029133346 -0.06592451 0.17915258 -0.3258453 0.054095168 -0.07749005 -0.027112883 0.33609787 0.36458632 -0.098289825 0.012242018 0.1790283 -0.4725147 0.5594796 0.20027903 -0.16296771 0.040982664 0.09998747 0.11145333 0.89704686 -0.118781604 -0.2561473 -0.3236871 0.045553744 -0.074643254 0.50993526 -0.15040906 0.3041278 0.35455275 0.11109197 0.008368086 -0.13339552 0.0028998377 -0.1954887 0.023375189 0.35704622 -0.31107596 0.068838395 -0.28633165 -0.15434797 0.18129146 -0.2980564 -0.32372877 0.17121537 -0.20853393 -0.03405697 -0.24672487 0.32396728 -0.44488907 -0.15697144 -0.48066545 0.48749486 -0.23838733 -0.4503673 -0.07386509 -0.031023333 0.36567983 0.26930788 -0.093459584 0.3151769 -0.25019577 -0.1317749 0.037373867 0.13461405 0.16935235 0.4297285 -0.035570648 -0.16035344 -0.21844113 -0.045278195 -0.117602654 0.014020692 0.53248787 0.103966944 0.15590523 0.17260864 0.11210429 0.15480694 -0.0913934 -0.055422287 0.12516834 -0.19138105 -0.16197187 0.15954578 0.17287989 -0.6025399 0.17727537 0.25280482 0.9066484 0.038382653 0.009805038 -0.20691003 0.21203883 0.18809624 0.026727881 0.08608988 -0.2567384 -0.4624551 -0.048985813 0.38075337 -0.051736813
38,21.449,75.897,56.224,0.26586035 -0.013467301 0.19983992 0.15199861 0.11165703 -0.12983583 -0.1392933 0.11533807 -0.3719308 0.07501991 -0.088073984 0.06275944 0.13891968 0.21940032 -0.024781793 0.11606098 0.38728067 0.090481676 -0.0093790125 -0.18932183 0.1110908 -0.2718738 0.033950113 -0.2779482 -2.7315001 -0.38997418 0.11508553 0.102237 0.15049842 0.15851344 0.48881885 -0.038753334 -0.06867448 -0.021178795 -0.4103342 -0.016119339 0.16915403 -0.17111121 -0.109087564 -0.21772386 -0.3475007 0.18722516 0.25641784 -0.05482478 0.046173293 -0.13511665 0.9112453 0.33787596 0.40725672 -0.1868916 0.023786513 -0.008854651 0.1635813 0.118221186 -0.062649816 0.037833866 -0.029546393 -0.11494288 0.3654698 -0.14606702 0.27667445 0.028188871 0.16996264 -0.06886473 0.095594496 0.11201691 0.03945678 -0.17544739 0.025859043 0.014470208 0.051142223 0.08870869 0.36838895 0.20669185 0.2213948 0.06752889 -0.70571095 0.04319324 -0.026665851 0.47715318 -0.15815805 0.1500029 -0.0040496746 0.13818689 0.18758357 -0.27791905 -0.30643827 0.0943787 -0.08482462 0.09816788 0.0664516 0.5140808 -0.17704748 -0.19208434 -0.08681139 0.031675164 -0.37074834 0.10337554 -0.04674703 -0.10992053 -0.1012749 -0.24200012 0.123408705 0.112499334 0.4287893 -0.0638758 0.0069695693 0.1042008 -0.07697627 -0.30096447 -0.033707205 0.07593708 -0.66125625 0.08370143 -0.15147379 0.21716444 -0.017963197 -0.05626461 -0.10041797 -0.3804651 0.18593748 0.019724255 -0.12068465 -0.14000121 -0.102971055 -0.09827558 0.15795742 0.043135703
37,22.87,72.624,57.586,0.1037509 0.05758002 0.22549161 -0.062652305 0.004184163 -0.0065415767 -0.4050233 -0.1667606 0.14175323 -0.18165919 0.12872814 0.014804759 0.76161355 -0.06757108 -0.29277778 -0.34227937 0.4012482 0.5682911 0.21911424 -0.10379387 0.041048512 -0.029921347 0.059330434 -0.5171939 -1.9957122 -0.22067212 0.4769425 -0.020754987 -0.38353992 0.14174135 0.01983162 -0.26181412 -0.314268 -0.5303124 -0.19831666 -0.42407307 0.6128215 0.023701446 0.020866098 -0.68535894 -0.16643123 0.19584303 -0.09586919 0.25429776 0.54356796 -0.14422943 0.5269334 0.25323856 0.8316901 -0.21160212 -0.10818325 -0.33939573 0.028389776 -0.14501064 0.22462232 0.15594015 0.36893463 -0.075139716 -0.055981275 -0.49838865 0.1253422 -0.028164651 0.41666052 0.08452777 0.065678805 -0.09342921 0.31878376 0.35525268 -0.06851568 -0.3389246 0.3255867 0.047239345 0.06329954 -0.4852465 0.08619025 -0.16921318 -0.5749198 0.31691 0.72823614 0.16326198 0.30280897 0.6688035 0.057149295 -0.48710093 -0.3755482 -0.22718506 0.40968367 -0.22290495 0.08594967 0.19377719 0.43054187 -0.29692444 -0.052601457 -0.5380339 0.3063709 -0.31558263 0.5906343 -0.17058696 -0.022429721 0.4870823 0.27670556 -0.7829775 -0.6341861 -0.3426159 -0.004303027 -0.11469166 0.43455282 -0.22564179 -0.56426245 -0.1839749 0.61237943 0.42553768 -1.0612099 -0.10162897 -0.20071454 0.22126126 -0.0054038614 -0.026030123 -0.097039506 0.22422676 0.037966657 0.11504325 0.19087537 0.0471696 -0.35660413 -0.10893852 0.008269611 -0.042677972
36,21.895,68.966,53.501,0.2574991 0.15616158 -0.058408823 0.45678157 0.23987773 0.06997862 -0.089690916 0.13341674 0.34498852 0.010499188 -0.25285825 0.29175797 0.4089727 -0.11124985 -0.35336176 -0.53861123 0.7886206 0.25039667 0.06686104 -0.13038312 0.12583625 -0.1858809 -0.29621217 -0.3319157 -2.2876778 -0.19382262 0.38007614 0.004309754 -0.2333091 -0.1491621 0.20378026 -0.30765614 -0.20878929 -0.27604508 0.054723423 0.19588873 0.38362968 0.019465102 0.42963997 -0.05833216 -0.25757027 -0.09836275 -0.14209194 -0.011804386 0.122162215 0.08623587 0.7749052 0.09636452 0.47204223 -0.089778826 0.013301796 -0.162724 -0.058279846 -0.4631966 -0.06693146 -0.21268113 0.22851528 -0.12036537 -0.12684587 -0.051030733 0.09450599 -0.13534315 0.42370638 0.43451133 -0.023780389 0.15982963 0.4354477 0.18878545 0.042214878 -0.25028753 0.014601227 -0.14647488 0.36431983 -0.39282727 0.17980364 -0.03572955 -0.0899837 0.053344037 0.47068235 0.3853425 0.45165864 0.55519974 -0.1470932 0.014948687 -0.1683094 -0.17635535 0.4403146 -0.105730884 0.08319207 0.18080187 0.07158656 -0.25850806 -0.22260015 -0.537685 -0.02039478 -0.40078828 0.026153682 -0.256555 0.22420458 0.2963599 0.24552016 -0.57541585 -0.3313011 -0.10960793 0.423621 -0.32450116 0.18025458 -0.11507214 -0.71090823 -0.56743526 0.14845803 0.33113772 -0.39776596 -0.21121009 -0.12416786 0.2568704 -0.09824649 0.24077202 0.028403893 0.16450505 -0.056533054 -0.001115447 0.10888817 0.5672671 -0.8386065 -0.060664054 0.095655836 -0.0731713
35,17.936,68.212,48.596,0.4133963 0.05203466 0.34322342 0.7931776 0.016475074 -0.032456525 -0.117945425 -0.057817567 0.5615198 0.0641327 0.019134408 -0.59052926 0.2839199 0.077942945 -0.28823537 -0.45573542 0.56857693 0.13215892 0.62677574 -0.11036706 -0.14747591 -0.638211 -0.05109782 -0.30002302 -2.308418 -0.31786638 0.10779746 -0.37477097 -0.3206667 -0.20501243 -0.07815306 0.013992046 -0.02734796 -0.28970045 -0.3324555 0.12573266 0.14454623 -0.0122824535 0.3706081 -0.4005019 -0.18611227 -0.45304415 0.07350747 -0.33365795 -0.018944405 -0.08197802 0.40302667 0.25503784 0.4458711 -0.17271002 -0.49421543 0.043740675 -0.33263734 -0.059260797 -0.04073909 -0.08632796 -0.15149727 0.41820416 -0.039272383 0.12683797 0.2685063 -0.072790794 0.4405971 0.19449277 -0.073606 0.031621896 0.008402321 0.26828557 -0.20020619 -0.14024995 0.11073499 -0.094164655 -0.016624823 -0.02038887 0.19159287 -0.08136333 0.25873688 -0.20925814 0.59182763 0.82170063 0.5791208 0.06879468 -0.24416123 0.4011332 -0.091792785 -0.07821279 0.19191203 -0.12453349 0.2046841 0.090789415 0.20486689 0.00615773 -0.18644713 -0.51575834 -0.004220185 -0.26264617 0.13151737 -0.21782811 0.21094961 0.13554479 0.26594013 -0.30732363 0.19260652 -0.4521734 0.7883203 -0.29475564 0.031725086 -0.06905424 -0.68642974 -0.18293437 0.122176506 0.15998784 -0.44979694 -0.051746313 -0.2760573 -0.076856256 0.2712308 0.18564099 0.25029063 0.4540748 0.12977959 -0.124471314 0.14825013 0.2470896 -0.3587406 0.1283666 0.080055505 -0.20840698
34,8.418,71.836,45.988,0.2644626 0.054331664 0.2755597 -0.10478308 0.14626159 -0.10486133 -0.05430159 0.4360209 0.1248487 -0.23505902 -0.2592918 -0.66765875 0.23844364 -0.025494443 -0.30547172 -0.22258557 0.013794919 0.17604107 0.12672544 -0.15350397 -0.27737468 -0.03487508 -0.017566133 -0.29084182 -2.5167327 0.013916011 0.034672864 -0.2654815 0.006904694 -0.21299677 -0.25280118 0.04909947 0.29842168 -0.30422956 0.24839924 0.26871678 0.44129524 -0.07172116 0.1517551 -0.40874103 -0.17935263 -0.042764265 0.14770013 -0.2065892 0.18148898 -0.22653353 0.2790233 0.54402006 0.0818911 -0.16021186 -0.10398326 -0.34373626 -0.073883615 -0.11232568 -0.081499 -0.14571486 -0.018893205 0.11681112 0.39969918 -0.119595945 -0.09221476 0.18772207 0.15295719 0.38989234 -0.259523 -0.10586742 -0.17857334 0.14503242 -0.17494345 -0.09827347 -0.013369402 -0.10345571 0.07152967 -0.01921704 0.061987277 -0.047083646 0.10210609 -0.08708829 1.0249884 0.29061314 0.0413293 0.22955617 -0.583065 0.22121906 0.008332442 0.15450369 -0.16386521 -0.079210095 0.3353012 -0.0011106201 0.32905802 -0.08882671 -0.30786455 -0.31411946 -0.0519932 -0.36665142 0.35452077 -0.23503731 0.06041854 0.24114606 0.37193197 -0.075468875 0.012785948 -0.1830442 0.18622532 -0.09916263 0.025647912 -0.39048508 -0.31195307 0.1305509 0.28921834 -0.059696566 -0.72530925 0.05754114 0.22272773 0.4517087 -0.36934775 0.026467772 0.09453031 0.6157513 0.2630247 0.13842778 0.07966107 0.35888022 0.16041274 0.14760125 0.28505573 -0.016414098
33,11.21,70.454,48.17,0.3551798 0.27628472 0.5226844 0.6832881 0.017267661 0.010338396 -0.044343866 -0.056942414 0.4289792 -0.26313934 -0.13047794 -0.29652607 0.3640189 0.37111545 -0.24696569 -0.24427757 0.23012166 0.122000776 0.43224898 -0.09340724 -0.17180951 -0.69260806 -0.341273 -0.37543666 -2.300686 -0.37043634 -0.13152827 -0.14833799 -0.28068966 -0.36611477 -0.62653 0.16853471 -0.010411072 -0.1400355 -0.04283636 0.18895504 -0.016153013 -0.12356574 0.3711787 -0.100699924 -0.057073817 -0.11816396 0.20848827 -0.16673513 -0.036730047 -0.19202338 -0.22965382 0.42156744 0.20831208 -0.058026005 -0.23933533 -0.22141302 -0.13543026 -0.1873321 -0.30716184 -0.1107412 -0.02745065 0.20050181 0.09492546 0.15672708 0.20251597 0.10910434 0.27849504 0.33185148 -0.26182812 -0.0701735 0.047686767 0.42175868 -0.09967059 -0.26526958 0.13400283 -0.16826159 -0.1569766 -0.07800922 0.07362361 0.1885815 0.29544413 -0.16264288 0.94252807 0.51088715 0.68538207 0.1366375 -0.39147773 0.45148525 -0.21593529 -0.011069847 -0.027483698 -0.18905108 0.09837126 -0.22760852 0.31089467 0.22627859 0.06371162 -0.22401695 -0.35883138 -0.25499353 -0.26886374 -0.14456832 0.31806374 0.14249574 0.46086925 -0.13107103 0.039569564 -0.3989612 0.7782968 -0.20192835 -0.031709626 -0.14629842 -0.63383174 0.043200884 0.06762798 0.33769396 -0.32569772 -0.0083241705 0.18022005 -0.23755623 0.12848881 0.11132589 0.24592228 0.64331836 0.073808186 -0.23283766 0.12238036 0.1840808 0.034418184 -0.07735091 0.0359579 -0.04185916
32,14.523,64.647,49.92,0.17872846 0.09321187 0.14471921 0.57154596 -0.043039016 0.025616406 -0.1706154 0.061321698 0.36058363 0.085240856 -0.15168673 -0.24408503 0.2558395 -0.046917614 -0.2959317 -0.51287436 0.33637866 0.033506878 0.5444874 -0.065740794 -0.114717714 -0.65804 -0.37147537 -0.2730345 -2.447328 0.018379895 0.15986593 -0.1353141 -0.09426678 -0.1741989 0.07588899 -0.110495284 -0.18401898 -0.08409592 -0.41310012 0.08345393 0.21524912 -0.041228488 0.22857516 -0.1856618 -0.68839383 -0.35723683 0.22572245 -0.37156963 0.012240413 -0.09489668 0.45808157 0.2775786 0.2873857 0.042485274 -0.2631385 -0.015533082 -0.30179277 -0.18077749 -0.082519926 -0.142474 0.09613923 0.07343888 -0.049610198 0.19727238 0.25151724 -0.013582167 0.17303506 0.16509451 0.016348226 0.07630157 -0.016660336 0.53906065 -0.017866096 -0.13997646 -0.026105408 0.03525643 0.07495483 -0.16409 0.082748935 -0.038079187 0.2138664 -0.037263837 0.3920759 0.7254416 0.6958453 0.30314162 -0.18462233 0.372332 -0.027321164 0.03816988 0.057008363 -0.07579195 0.017003993 0.06575803 0.1656598 0.04432772 -0.019975893 -0.38807943 0.17749795 -0.32302794 0.1825367 -0.23079206 0.29458848 0.17425631 0.33646187 -0.35281634 0.10231239 -0.39299324 0.5558219 -0.44234198 0.103653416 -0.009967646 -0.62566686 0.0080676675 0.21625146 0.03781193 -0.57397705 -0.09243199 -0.09730254 0.05573753 0.046736665 0.17477722 0.1135691 0.43275583 0.049968876 0.047012333 0.3225461 0.27649274 -0.20617709 0.12777965 -0.062296107 -0.30844575
31,8.372,61.383,43.816,-0.088872656 -0.21308137 0.12938535 0.16587244 -0.014790999 -0.11510769 -0.17908055 0.045382164 -0.033014737 -0.44277343 -0.06313259 0.17314914 0.3699707 0.0046601305 -0.36516833 -0.37522912 0.62705326 0.6043139 0.051004726 -0.15079828 0.30179378 -0.006334763 0.20913221 -0.43982515 -1.9238153 -0.15580425 0.4157625 0.026548794 -0.033519287 0.10849683 0.34138945 -0.2144229 -0.24404615 -0.5393556 0.09480058 -0.3161451 0.4640672 0.0076705026 -0.18910854 -0.5177699 -0.09052338 0.22025383 -0.091967024 0.22484146 0.52945983 -0.15325977 0.4022033 0.13205011 0.78824854 -0.24155016 -0.009292645 -0.40664646 -0.10390181 -0.15709504 -0.093232356 0.0036244616 0.46461847 -0.20240656 -0.24832904 -0.4205542 -0.051911194 -0.12480751 0.6044393 -0.031397384 0.17252663 -0.024937754 0.30177724 0.42891422 -0.10743148 -0.37339696 0.21519823 -0.12039531 0.2634609 -0.031161955 0.21105622 0.16792321 -0.6132905 0.32487258 0.7190138 -0.12081112 0.3086886 0.7629026 -0.060858227 -0.054130126 -0.31120753 -0.26261237 0.06912641 -0.0017107294 0.13214353 0.18032332 0.5266635 -0.27118742 -0.27844062 -0.5587712 0.24014026 -0.82208896 0.5459251 -0.19350357 0.1873756 0.28053442 0.24723168 -0.9185975 -0.350814 -0.6857387 0.13855731 -0.4496047 0.5622367 -0.21711425 -0.5407425 -0.11274686 0.66850084 0.5432003 -0.9059372 -0.2596796 -0.3781923 0.19203542 -0.17745022 0.2757021 0.12825972 0.45762378 0.16385688 0.2358116 0.52026886 0.36644477 -0.8215678 -0.023359329 -0.2772277 -0.011551346
30,7.065,66.473,47.882,0.06379763 0.19954497 0.27373713 0.19724666 0.119756766 -0.16255589 -0.24356487 0.5981801 -0.1329698 -0.45225012 -0.044283397 -0.31072867 0.31495443 0.14296329 -0.30414683 -0.4192351 0.45597243 0.34604523 0.60575163 0.054398708 -0.10326166 -0.24078538 -0.32069236 -0.38700286 -2.342388 -0.17115954 0.047364492 0.12127071 -0.18411408 -0.24937513 -0.06889792 0.026498115 -0.15685202 -0.025760526 -0.3054114 0.112269975 0.08448192 -0.27881 0.38456464 -0.40228304 0.01950513 0.10420737 0.16186297 -0.34875777 0.2841143 -0.085827485 0.41187376 0.14530444 0.16153233 -0.008164836 0.171202 -0.35249573 -0.12169298 -0.14249817 0.0756316 0.08402999 -0.14317404 0.105894096 -0.012390513 -0.09442029 -0.02825519 -0.27170318 -0.08367231 0.16270117 -0.36420378 0.043003567 -0.111538514 0.40043753 0.022376807 -0.054852746 0.07622556 -0.004103249 0.00016735872 -0.088904165 0.05722669 0.12581028 -0.10242642 -0.12935579 0.6326086 0.22885689 0.83617294 0.30569667 -0.7849981 0.33230495 -0.20038232 -0.039513454 0.17846647 0.07880964 0.23861368 -0.06487698 0.4270017 0.08086218 0.22370037 -0.4291955 -0.038674705 -0.37881097 0.34044394 -0.397083 0.13135347 0.33046994 0.26657352 -0.40537545 -0.2051493 -0.5806047 0.40123495 0.20824228 0.018811014 -0.44230083 -0.46910745 -0.26484644 0.20973487 0.5079285 -0.6622577 0.106582664 -0.13399047 0.25522768 0.20591445 0.38412648 0.27886137 0.37809542 0.020177383 0.15277939 0.43700936 0.25154492 -0.45473498 -0.08674591 0.088580415 0.120250545
29,8.004,67.234,51.484,0.26725996 -0.04611625 0.117011 0.11639838 -0.014454456 0.21658581 -0.13451083 -0.1525714 0.04523593 0.05579987 0.04660621 0.21239899 0.11837532 0.23390305 -0.06021346 -0.10796666 0.08703657 0.07910445 0.29754305 0.23213586 -0.0014003523 -0.12520403 0.3752465 0.042702228 -2.8161414 -0.31111017 -0.043804966 0.005273744 0.018642468 -0.10502098 0.09647202 0.008277779 -0.18942106 -0.11098034 0.21613562 -0.0669143 0.075044975 -0.17670567 -0.13702832 -0.25482452 -0.15723163 -0.09577489 -0.058175467 -0.16143358 0.2969036 -0.032641258 0.5877847 0.1322947 0.06526569 0.11520976 -0.421429 -0.0053415475 -0.12980461 -0.0023825797 -0.056623023 0.15090457 -0.07701168 -0.05905431 0.18589826 -0.058296505 0.3504507 -0.15259704 -0.056056347 -0.27732596 0.14136964 -0.034393188 0.5158739 0.79467326 0.19290347 -0.11195843 0.0062139956 0.1821911 -0.06583124 -0.48034924 0.077229954 0.18464644 -0.10177254 -0.11801085 -0.19532724 0.14798789 0.5853766 -0.14476064 0.031876232 0.42694995 0.14547336 -0.18316308 0.041934624 -0.19119975 -0.13743171 0.44236836 0.19338109 0.3455545 0.030198863 0.0007057818 -0.18475008 0.018427653 -0.17538409 -0.17386036 0.11685716 0.047618635 -0.112146124 -0.020407557 -0.010643857 -0.15425088 0.20232834 0.30214077 -0.22271754 -0.120534584 -0.19688469 -0.27535596 -0.3627396 0.11710164 0.31077635 -0.13142513 0.08408968 -0.012589067 -0.42667902 0.20758182 0.05272253 0.017960077 0.025489956 0.1702705 -0.22244199 0.6441722 -0.073225796 0.07580576 -0.07825009 -0.053885028
28,7.298,70.985,51.498,0.516075 0.37794745 0.62372774 0.057769798 0.047127474 0.09602539 0.039929915 0.037722673 -0.055331405 -0.29204518 0.016147148 0.5411824 0.27096638 0.105698586 -0.3744499 0.10616332 0.20063972 0.12872079 -0.047707167 -0.015979117 -0.07625236 0.18875793 0.048129167 0.029395197 -2.6572678 -0.24758136 -0.3954847 -0.032779835 -0.058679372 -0.009222815 -0.40770227 0.18114801 -0.046673153 -0.101991 0.13049197 0.02829143 -0.46947086 -0.13925844 0.11646769 -0.26583007 0.4860416 -0.30063578 0.12853542 0.13471149 -0.122506104 -0.041629452 0.14182758 0.18301012 -0.40567017 -0.10248808 -0.31616583 -0.24033967 -0.06452076 -0.14096403 -0.08833005 -0.1323529 0.29734802 0.4022881 -0.30844042 -0.13087133 0.52636886 -0.0039852695 -0.2930843 0.19598445 -0.27044073 0.057572417 0.20035446 0.4030121 0.064238034 0.06638862 0.08896941 0.200903 -0.13808148 -0.34886253 0.03730703 -0.109469056 -0.12015205 -0.100532375 0.2484808 -0.065763704 0.18039459 -0.23611413 0.23955923 0.48937714 -0.2891215 -0.03076495 0.030207215 -0.46811488 -0.044882808 -0.03615746 0.08893331 0.21453078 0.12087283 -0.20293868 -0.027292758 0.0086894315 0.28723982 -0.040016152 -0.28607482 -0.26079026 0.13442972 -0.07440249 -0.66591066 0.29895136 -0.14363426 0.23386446 -0.026790448 -0.041858714 -0.027559163 0.061037987 -0.019195769 0.43367484 -0.29207623 -0.21015617 0.251156 0.15416019 0.2550223 0.29021814 0.057209525 0.20756716 0.1820097 0.106536984 0.421906 -0.22959793 0.08306163 -0.15214117 0.080108084 0.24843626
27,5.245,72.941,48.931,0.1055406 0.21169493 0.11437375 0.16955297 0.054508954 0.040959347 -0.2587923 0.100247286 -0.18109512 0.15604937 -0.16608128 -0.5727542 -0.12422544 0.19074596 -0.17264438 0.18095952 0.43309924 -0.015240945 -0.10698169 0.025219427 -0.13934746 0.07631243 0.1730113 -0.054720335 -2.5833373 -0.20177947 0.017531423 -0.31687176 0.8156016 0.12753206 -0.24370894 -0.12085355 0.02214844 -0.4137512 0.40742075 -0.26725748 0.79738677 0.42682487 0.1907469 -0.29293784 0.17978713 -0.4011327 -0.06620509 -0.050772052 -0.15718962 -0.102892734 0.41385344 0.21266246 0.0653023 -0.09506058 -0.14667785 -0.046922244 -0.28170905 0.37324625 -0.12577 0.26214814 0.22437878 -0.18827014 -0.033791583 0.00021277921 -0.3603986 0.014598505 -0.4524199 0.06340684 -0.028170856 0.15600576 0.25150424 -0.041248433 -0.030694315 -0.028964585 0.21719866 0.3573065 0.28146133 -0.5775655 0.03742172 -0.37796187 0.060226947 0.16209458 0.43289012 -0.51970994 0.20932479 0.24718736 0.031048732 -0.4818829 -0.41646084 -0.1096771 -0.048417337 0.0069870404 0.24804245 0.4479745 0.32557708 0.4317431 -0.28380606 0.19920577 -0.2565455 0.115635 -0.089106165 -0.01846419 -0.06792715 0.25801435 0.32984874 0.19907045 0.024887538 -0.025341228 0.057991955 -0.13974172 -0.16524303 -0.3592379 -0.13756013 0.0039858427 0.047639463 0.13256554 -0.7919291 -0.05602196 -0.29847318 0.30423522 0.08319122 -0.009891834 0.25268996 0.24266383 0.2152301 -0.1404761 0.10733122 0.027736774 -0.4353783 0.23110169 -0.039270952 0.13054262
26,5.165,76.578,47.803,0.27682975 -0.14464246 1.0436893 0.30439797 -0.01006789 -0.24769503 -0.19220738 -0.010724163 0.4532518 0.05647799 -0.065761216 0.0005313068 0.10612324 0.31522712 -0.19836435 0.018459762 -0.008669686 0.060832314 0.046483476 -0.07777131 -0.11588633 -0.45199484 0.12963963 -0.0046893717 -2.5694644 -0.32235214 -0.07519501 0.08622671 -0.15142843 -0.03386501 -0.6775372 0.093115196 0.14112757 0.032766577 0.19014286 0.14364165 0.04850434 -0.16179393 -0.035149425 -0.44576982 0.5394958 0.005966849 0.2977313 0.18444932 0.04256461 -0.18716522 0.14983526 0.21697888 -0.029748673 -0.12747346 -0.4288087 -0.12795739 -0.044251278 -0.06989805 0.056377262 0.028728038 -0.08965871 0.1995936 0.115638666 -0.1683499 -0.06334388 0.45915493 0.33586505 0.023328334 -0.04211046 0.038117044 0.1502547 0.1474421 0.040723845 -0.044589564 0.12456584 -0.40310428 -0.08003355 0.3387163 0.015520765 -0.33196294 0.033037256 0.11005569 0.51469094 0.3315594 0.03355633 -0.099801034 0.037235577 0.19868551 0.029172031 -0.3118151 -0.06341115 -0.3438421 0.04968115 0.16316602 0.028875874 0.2787448 -0.13142462 -0.32518613 -0.13457668 -0.17016938 -0.2269359 -0.02739605 0.021134928 0.053124808 0.020964857 -0.22978133 -0.22705239 0.14747798 -0.16905998 -0.0010869282 -0.0059572356 -0.13067019 -0.3030885 0.20965956 -0.1508934 0.48879585 -0.42478958 0.13602172 -0.024766522 -0.1584105 0.5434652 -0.20636116 0.1937454 -0.2293384 0.44970852 -0.22286074 0.06113589 -0.16676793 -0.02083607 -0.14612022 0.36765033 0.16793475
25,2.089,77.268,45.623,0.035893895 -0.021624437 0.36286274 0.17011133 -0.037955325 -0.14769027 0.014860266 -0.084040165 -0.024005912 0.015139209 0.036275946 -0.3581432 0.27525368 -0.15782738 -0.1389278 -0.09867765 0.21786116 0.05693107 0.124139905 -0.2026934 0.038722415 -0.27414915 0.27793756 -0.2069629 -2.5841856 -0.21663293 0.3915424 -0.025198104 0.26757744 0.09752134 0.36133423 -0.07435259 0.049092267 -0.26848972 0.03157792 -0.0022622142 0.39757 -0.04165501 -0.09022789 -0.27402672 -0.7668762 -0.116379246 0.23480268 -0.06335194 0.15486324 -0.051749703 0.55809206 0.18805733 0.6066596 -0.019727163 -0.14882474 -0.27866894 -0.13153371 0.020248644 -0.26204166 0.053916857 0.100215785 -0.10066415 0.3193934 -0.064122364 -0.020400975 0.2951745 0.42539558 -0.062441424 0.12265674 0.058133837 0.44421455 0.28634378 -0.009536262 -0.1411985 -0.104704104 0.03973974 0.21412715 0.30373996 0.13513345 0.093684115 -0.401057 0.11284821 0.54172367 0.30891687 -0.12666053 0.60949004 -0.07168294 0.1030362 -0.09885883 -0.17283678 0.087322466 0.028783891 0.08405917 0.10031002 0.2559655 0.19478554 -0.21987529 -0.31228498 0.05803269 -0.16619563 -0.04922047 -0.05281757 0.3301947 -0.009946576 0.07100592 -0.42199814 0.19680582 -0.3011513 0.01179358 -0.39277324 0.015704134 0.09141723 -0.65937346 -0.38756254 -0.0068565425 0.061176375 -0.88129616 -0.068228565 -0.1497926 -0.07617787 0.048254505 0.117527425 0.06247953 -0.1486492 0.29340586 0.21747844 0.16987611 0.31984803 -0.56112355 0.027213445 0.008511277 -0.23405519
24,1.545,82.222,48.164,0.15701768 -0.018333733 0.13304032 -0.42185983 -0.26260144 0.03205167 -0.15612218 0.23350683 0.1543706 -0.34277374 -0.18570365 0.10821762 0.06926719 0.07444767 -0.27299738 -0.07430764 -0.14494279 0.23470247 0.22182322 -0.07951611 -0.23297636 -0.60791314 -0.2443816 -0.15554203 -2.5500243 -0.372401 0.11493932 -0.040139843 0.16573 -0.1625037 0.07217698 -0.031215774 0.26083636 0.080664575 0.2782774 0.21624413 0.37815517 -0.136267 0.42639863 -0.5929385 0.28779623 0.025412235 0.27385688 -0.112532854 -0.047688123 0.0076335035 0.29917428 0.56088674 0.26163316 0.0024839812 -0.56495607 -0.28086784 -0.046534855 -0.3078948 0.014221338 -0.18319534 -5.953549e-05 0.1597758 0.4045761 -0.083838485 0.026646879 0.044435523 0.12863626 0.0015437014 -0.028911162 0.17143863 0.033981983 0.31701112 0.14244685 0.0375319 -0.09338513 -0.021992732 0.30329505 -0.29619595 0.0020782242 0.012740988 -0.20881149 -0.022917192 0.31842038 0.29099143 0.026074065 0.31766975 -0.2945746 -0.15799144 -0.10611213 0.12458546 -0.019887881 -0.023820596 0.23889582 0.047038123 0.43304363 -0.0755429 -0.25554729 -0.5569948 -0.09858372 -0.19744909 0.3006934 -0.18081775 0.25694373 -0.08476402 0.28288877 -0.09781717 -0.4891984 -0.016373243 -0.051544115 0.25482005 0.2695656 -0.15443537 -0.39950854 -0.21370193 0.27488708 0.4344053 -0.5374142 -0.08464096 0.13357565 0.39941067 0.23457287 -0.061818328 -0.0105218515 0.048061617 0.200335 0.18291104 0.13655502 0.072007105 -0.22256385 -0.080028616 0.3289347 0.12935257
23,4.626,83.777,46.504,0.52020836 0.1838763 0.60454917 0.1164066 -0.15569837 -0.25463504 -0.26830935 -0.19969125 0.04334701 -0.034578044 0.105324894 -0.70656574 0.5009289 0.32294416 0.03555354 -0.13602856 -0.004173472 0.090338275 0.2683934 -0.07548575 -0.11079707 -0.57235956 -0.25039333 -0.22659494 -2.3938355 -0.2862633 -0.10987634 -0.13566826 -0.32430586 -0.4518548 -0.14089884 0.098945566 0.10452999 0.023066515 -0.064799875 0.280354 0.25860614 0.03491026 0.2550684 -0.56178355 -0.21067016 -0.24394949 0.22584926 -0.25842288 0.026647676 -0.2625757 0.3042583 0.36769605 0.5402629 -0.35259715 -0.5437837 -0.32300118 -0.16454786 0.08070051 0.059758082 0.27324244 0.009817253 0.33262318 0.4472544 0.09244575 -0.0435528 0.18420054 0.2859509 -0.21630467 -0.17634416 0.07080674 -0.16189787 0.37636387 -0.12966439 -0.25433943 0.1398343 0.12337928 0.105232164 0.19968185 0.34232724 -0.13509905 0.26378545 -0.23664927 0.73352814 0.35136062 0.2883145 0.122715056 -0.3596268 0.20887613 -0.08335872 0.29895774 0.23224409 0.012684686 0.20626241 0.018908938 0.27557904 0.16589487 -0.025345635 -0.2918149 -0.17178565 0.006047241 0.042739745 -0.2434925 0.07001345 0.32179987 0.4487496 -0.20357013 -0.11852056 -0.22826327 0.33299944 -0.19096215 -0.15084831 -0.15892264 -0.67265284 -0.3414167 -0.027966894 0.027017362 -0.59997046 0.0744933 0.109395735 -0.41796124 0.10636987 0.16938159 0.3758332 0.286585 0.34446308 -0.09585999 0.13764633 0.09816751 -0.53193474 -0.23105514 0.18296736 0.07520974
22,11.557,83.554,48.298,0.28931358 0.025508305 0.590874 -0.06070955 -0.061389465 -0.16854161 -0.14355671 0.26363364 0.120209046 -0.12722111 -0.23938602 -0.36277086 0.2921999 0.17910494 -0.16213077 -0.094304286 0.03991471 0.10793851 0.15204722 -0.085038036 -0.14053644 -0.3913186 -0.13184679 -0.19934122 -2.5253496 -0.28007162 0.089447394 -0.19891228 -0.086558744 -0.13061295 -0.12516138 0.043385696 0.33796293 -0.053215362 0.3056879 0.4141387 0.19184984 -0.08130322 0.16696161 -0.49210757 0.04441809 -0.102093205 0.18742114 -0.282689 0.034742888 -0.2328146 0.1207468 0.64311785 0.22328657 -0.24169663 -0.37780932 -0.32647246 -0.10143326 -0.04412784 0.0701562 0.07461944 0.090160735 0.28118488 0.30057228 -0.20365302 -0.053340435 0.18746905 0.19091883 0.19674493 -0.10127903 0.0020232715 -0.15540975 0.22547077 -0.027029192 -0.021989208 -0.071619175 0.00082360546 0.28201342 0.026043968 0.15674143 -0.13653715 0.1135898 0.01784271 0.8996365 0.23602977 0.009049381 0.16078742 -0.312244 0.12345017 -0.14963911 0.019482628 -0.11311432 -0.1127037 0.43078682 0.14296429 0.22613746 0.08249219 -0.039143123 -0.61954814 -0.15084764 -0.3009822 0.358114 -0.23090787 -0.19047652 0.21783616 0.4210579 -0.16059044 -0.5122306 -0.19309475 0.2647825 -0.124196954 -0.04198516 -0.29442957 -0.5099476 -0.22795568 0.07555208 0.041766644 -0.43472567 0.010951108 0.32675084 0.41892532 -0.06064936 -0.13881268 0.11888497 0.25859544 0.30375504 0.16090102 0.19798131 -0.15324613 -0.21321492 -0.07630141 0.32420513 0.07297513
21,9.364,86.302,49.751,0.1965647 0.056450095 0.53102434 0.2402347 -0.05977525 -0.11500937 -0.15852895 -0.09391368 -0.016656842 -0.2590244 0.22823603 0.28115755 -0.05739982 0.12166169 0.09977468 -0.14385882 0.20035833 0.11084944 0.24514051 -0.16801496 -0.04412384 0.078155205 0.33603486 0.082144424 -2.8021686 0.056193363 -0.19819573 0.05190192 0.27695864 -0.08926333 -0.2153356 0.061701775 -0.14782332 -0.07105862 -0.05616874 -0.21700703 0.23516567 0.011446375 0.25562477 -0.19443098 -0.37568852 0.01850696 0.07281343 -0.10109189 0.32850486 -0.14500618 0.39392304 0.20265117 -0.015592017 0.12359871 -0.07745827 -0.2611709 -0.0770922 0.04759734 -0.032775633 0.12078833 0.060592327 0.12871061 0.19079868 -0.12048603 0.005222156 0.15756628 0.04625291 0.1423433 -0.04396713 0.049754214 -0.16517153 0.16072278 0.09719899 0.005174515 0.011513891 -0.032648057 0.22756211 0.09433903 0.08361596 -0.05111414 -0.013912925 0.0819418 -0.33762598 0.03497565 0.088378854 0.013684056 -0.13296078 -0.03814661 -0.040254813 -0.045657717 -0.3775486 -0.006053164 0.0034800612 0.28109518 0.018442929 0.011435573 -0.17252015 -0.07995088 0.023972789 -0.14864025 0.23557489 -0.037702978 -0.04023702 0.10925179 0.118290305 0.04896584 0.12737906 -0.101986945 -0.1408372 -0.25279722 0.022865495 0.05746905 -0.071743354 -0.093726896 -0.030848218 0.110410735 -0.9456177 0.07573876 0.076884024 0.0010529701 0.12125521 0.24523567 0.100949995 -0.10616673 0.3423723 -0.06458525 0.26654908 0.17639288 -0.30697158 -0.020671807 -0.04940546 -0.015767578
20,5.751,85.44,50.68,0.53596574 0.090925194 0.6151767 0.30980134 -0.29395625 -0.3262878 -0.13405387 -0.37522355 -0.10797376 -0.10715251 0.24037483 -0.6829182 0.19218953 0.099967964 -0.138125 -0.28457826 -0.07290887 0.27261928 0.18709405 -0.12777199 -0.10826643 -0.5996011 -0.35534137 -0.40302038 -2.3644176 -0.5141202 0.15641956 -0.20665967 -0.31082577 0.09639799 0.240488 0.2009888 0.16773152 -0.19567637 -0.17702852 0.26386017 0.35366794 0.044435583 0.07478161 -0.58576906 -0.18823761 -0.27943373 0.2574984 -0.31856683 -0.106101155 0.041123766 0.55802685 0.3920073 0.72282153 -0.27515817 -0.70001626 -0.38377672 -0.06356817 0.121737055 -0.10087266 -0.09030375 0.13550852 0.33579582 0.34291458 -0.02619962 0.019853659 -0.0024885773 0.33524302 -0.28809944 0.068501666 0.011135301 0.06454451 0.13371721 0.24017866 -0.25171 0.025838701 -0.029140882 -0.067392685 0.3813044 0.40574375 -0.14026694 -0.03896596 -0.11170615 0.76116866 0.5780285 -0.03242775 0.19534132 -0.47205105 0.12604696 0.08982566 0.13898343 0.25380334 0.050054125 0.25833315 -0.037389092 0.32358873 0.16959092 -0.14001453 -0.32731682 -0.09353677 -0.044665 0.20629224 -0.05420883 0.3876088 -0.025859365 0.13190961 -0.41349283 -0.062012512 -0.17705192 0.7133674 -0.07533896 -0.2821595 -0.0058080642 -0.44076857 -0.3779109 -0.1209608 0.27821222 -0.68537515 -0.0009036648 -0.065113954 -0.2491737 0.33279666 0.20350967 0.26755685 0.22870176 0.32610267 0.020231962 0.20846616 0.12114867 -0.41263685 -0.19981104 -0.015457963 -0.12529229
19,5.561,85.577,57.341,0.36196783 0.08067776 0.52615803 -0.14288047 -0.2012377 -0.08857651 -0.28447446 0.10407807 0.014467468 -0.54921955 -0.018151738 0.015774393 0.13570291 0.16815422 -0.18970236 -0.13983256 -0.14403042 0.0880719 0.21022297 -0.17757055 -0.18749443 -0.5984158 -0.2710213 -0.10524637 -2.497867 -0.27751592 -0.08520872 0.072356336 0.19554134 -0.35879007 0.07866107 -0.031590346 0.16510893 0.09507818 0.11164111 0.15984039 0.23981439 -0.031983063 0.05324244 -0.7858636 0.1384121 -0.15032396 0.35400733 -0.36568588 -0.11780913 0.046248823 0.17915809 0.47860783 0.46000683 -0.0005703068 -0.5111068 -0.353424 -0.20201778 -0.11307101 -0.07046337 0.15008111 0.12637971 0.25819993 0.43909118 -0.04756967 0.16397485 -0.004595596 0.111219 -0.04600692 -0.10716113 0.18274407 0.10682575 0.2700586 0.14608951 -0.106156066 0.002458455 0.009478452 0.089023195 0.1383361 0.19273832 -0.08505898 -0.0067637544 -0.038470965 0.7309379 0.40533608 0.07006296 0.24448211 -0.21766093 0.045726117 -0.16625328 0.28193733 -0.0063390397 -0.10727252 0.31457964 0.040650163 0.26901945 -0.036917113 -0.10712299 -0.4750604 -0.18970045 -0.122052476 0.20791551 -0.14210743 0.12764588 0.16616865 0.24668427 -0.15522444 -0.32714096 -0.062634096 0.010077957 0.07243355 0.11683232 -0.120882295 -0.4478969 -0.5748295 0.15116331 0.15437227 -0.71711254 -0.23612896 0.27107844 0.35565084 0.11443739 -0.060335252 0.14511034 0.0040446133 0.23713465 0.3317474 0.31645223 0.06707821 -0.4968167 -0.0680735 0.30396447 0.06662202
18,9.31,84.723,57.303,-0.019741729 0.043615002 0.3327213 -0.09695674 -0.054400466 -0.03952975 -0.21023805 -0.07591435 -0.42619002 -0.12549631 0.13896282 0.37412483 0.23089054 0.058740612 -0.11826303 0.028982058 0.096899725 0.0068166293 0.35541946 0.06562241 0.09813715 0.122223616 -0.12677288 0.17889886 -2.7722752 -0.09845209 -0.40925497 0.011299919 0.08215189 0.025418755 0.2170249 0.12607196 0.048263423 -0.15312563 0.15426357 0.09253957 0.23917188 -0.12217952 0.23187497 -0.39538676 -0.0697112 -0.08546217 0.11565814 -0.0010229466 0.09944383 -0.061714485 0.5095399 0.22490737 0.07545668 -0.006545773 -0.15625066 -0.31036898 0.029253833 -0.023704665 -0.018200606 -0.067430146 0.034945738 0.26056236 0.16616532 -0.12390045 0.38458437 -0.17068459 -0.096087225 -0.23702739 0.064951725 0.06282959 0.43086213 0.17465453 0.14613457 -0.16844343 0.019597031 0.10443164 -0.050432723 0.12648827 0.2180279 0.10312243 -0.27228495 -0.003749737 0.08014049 -0.017471448 0.18692231 0.14047872 -0.35384625 0.01003616 0.08818138 0.061607815 -0.21233441 -0.2110575 0.060781207 0.26534128 0.16547114 0.1624587 -0.21046525 -0.009549226 -0.10621544 -0.07083896 0.15052362 -0.099674985 -0.09533381 -0.025918856 0.093185514 -0.06483542 -0.118683465 -0.37290588 -0.14311844 0.08487917 -0.11134685 0.03538466 -0.08826198 -0.36692044 -0.08435064 0.27291015 -0.2908253 0.11985216 -0.036085855 0.54288083 0.095887914 0.010079389 -0.056574363 -0.27426007 0.22986814 0.2156761 -0.021919494 0.4595258 -0.28781316 0.010009521 0.108902805 0.108335756
17,11.413,84.572,54.135,0.115713 0.028197747 0.62222713 0.042440344 0.07533129 -0.048139784 -0.05534714 -0.054418612 -0.21646787 -0.25315276 0.15221335 -0.033022758 0.19851989 0.19748 0.15940814 0.1798816 0.45239627 0.08847398 0.26740193 -0.12970622 -0.06338607 0.34019464 -0.121285446 0.022293562 -2.6728678 0.12978752 -0.6032143 -0.10475359 0.55672467 0.009042524 0.50747675 -0.1650881 0.19275449 -0.073226176 -0.039468776 -0.1034604 0.13319874 0.17171589 0.41830206 -0.4378625 -0.1942014 -0.12784076 0.17512226 0.1824478 0.29163724 -0.077472776 0.33850035 0.21259795 0.24586114 0.08911364 -0.27574718 0.06740596 -0.30348772 -0.056616858 -0.07299204 0.029596565 -0.002876993 -0.110489756 0.15580459 0.17139176 0.26870224 -0.24687326 0.0072943904 0.0021710936 0.034267798 0.09502049 -0.2651889 0.05152233 -0.31520057 0.07994168 -0.03739357 0.17513572 -0.027898604 0.12220898 0.2420427 0.13734011 -0.16739064 0.03365438 -0.24781723 -0.25143704 0.123210624 -0.11604461 -0.3661677 0.23066188 0.07246624 0.019662132 -0.3111279 0.0856921 -0.0997689 0.19603422 -0.12809971 0.05664366 -0.2539901 0.097755104 -0.054430526 -0.011636659 0.105589226 -0.09958832 0.19883983 -0.16648686 0.15699248 -0.17511532 0.06915946 -0.114181094 0.21243599 -0.5306273 0.15555665 -0.15703206 0.016188135 -0.03784279 -0.009038989 0.06758105 -0.50713015 -0.1635126 -0.09204501 0.035613466 -0.52267355 -0.005751804 0.15028442 -0.15151775 0.15915282 0.1441006 0.023790212 0.22014855 -0.16777413 0.13998346 0.08735949 0.10973513
16,12.256,81.126,52.766,0.24887688 0.029378653 1.0495007 0.35700876 0.03762519 -0.0017341613 0.044223078 -0.08875901 0.030519465 -0.04862428 0.31451163 -0.060686313 -0.02020069 0.47412485 -0.1652451 0.0103724105 0.07998978 0.03064963 0.36193088 0.113989845 0.1767548 -0.20625852 0.019108085 -0.025237134 -2.6349185 0.02004959 -0.0933272 -0.06604039 -0.33989742 -0.14017549 -0.64803606 -0.029224006 0.015614298 0.09915256 0.25977662 0.06866934 -0.23713163 -0.24499387 -0.114072934 -0.82568836 0.26482844 -0.55941755 0.06792154 -0.14795232 0.17970952 -0.16579072 -0.24302961 0.13083912 0.28166932 -0.005342321 -0.22699654 0.08379239 -0.029130239 -0.085579574 -0.08221888 0.24824688 -0.1028495 0.2279988 -0.14692046 -0.30605707 0.051373184 0.17855872 0.009297391 0.019977916 0.070352644 0.053767975 0.15892902 0.0025831799 0.21816877 -0.059619874 0.16289261 -0.24834003 -0.12486895 0.23095684 0.0505988 0.17655769 0.11187969 0.022215225 0.011803002 -0.22479893 0.4772198 -0.26966995 0.08349622 0.5347743 -0.20064361 -0.13908531 -0.17242542 0.0380288 -0.015390916 0.16719784 0.16077295 0.07092873 -0.09784909 -0.2613022 -0.050628215 -0.20577113 0.11940977 -0.016895073 -0.11034912 0.13370006 0.0971946 -0.0367793 -0.22287622 0.06748042 0.26201245 -0.31156588 0.08902014 -0.03868153 -0.1585831 0.3566184 -0.16922316 0.4497583 -0.28883502 0.111666925 -0.21119806 -0.2682452 0.18701835 0.22005586 0.010726784 0.0018992462 0.37757683 -0.28562522 -0.013726114 -0.079410635 0.071846955 -0.092212684 0.17354594 0.32038996
15,15.894,80.818,51.681,0.09804439 0.15298207 0.38095203 -0.17170885 -0.04490477 -0.055696543 -0.057790563 -0.19377619 0.027759893 -0.18848099 0.076988705 -0.27985206 0.15115817 0.11616427 0.20841147 -0.1328674 0.0013803192 0.13939334 0.42282164 -0.024380853 -0.039857693 -0.17861228 0.14315364 0.18293229 -2.8199532 0.048971623 0.014539972 -0.012851639 0.013262816 0.018151164 -0.19773589 0.060825706 -0.09750011 -0.07675433 0.20578389 -0.0686125 0.2416971 -0.007966834 0.0964756 -0.09740141 -0.12194897 -0.20679559 0.12226065 -0.10918714 0.37392482 -0.13403141 0.63725305 0.20145589 -0.31904885 0.10132802 -0.0595724 -0.052268196 0.10369405 0.05135034 -0.05756074 -0.11452573 -0.07612171 0.10688032 0.19517119 -0.04522628 -0.23376699 0.051034786 -0.2765673 0.106640846 -0.10954174 0.0017038572 0.17598185 0.02526917 0.049606565 -0.15731822 0.10843545 0.106968686 0.21253733 -0.18980552 0.17255895 -0.053806312 -0.17614499 0.046661835 -0.1855204 -0.028444013 -0.05898727 0.43875262 -0.101627305 0.32576254 -0.093694426 -0.12346411 -0.1099955 0.025057482 0.013047267 0.21171387 -0.032970965 0.23144011 0.078198224 -0.06940661 0.012630012 -0.13521507 0.272112 -0.039136764 -0.07216058 0.13055603 0.073230796 -0.06824545 -0.15593962 -0.06756233 -0.3771283 -0.025879743 -0.12756626 -0.026983704 -0.123281896 -0.0033647974 0.20376381 0.2846381 -0.86661243 0.30493566 -0.09150042 0.54247206 0.38148957 0.14819448 0.08025396 -0.15830092 0.0063539795 -0.039782364 -0.0962964 0.23399445 -0.1730938 -0.039577186 -0.06880051 0.02687998
14,17.934,78.049,50.062,0.44537246 0.021822888 0.6771573 0.39675096 -0.25343636 -0.13924563 -0.16738054 -0.2882577 0.13790567 -0.14003609 0.017394483 -0.30584654 0.13237758 0.056367148 0.08004159 -0.3461882 -0.002840238 0.047119316 0.20380512 -0.118576266 -0.19199808 -0.463724 -0.25236326 -0.13718823 -2.366264 -0.38246304 -0.13497289 -0.11969516 -0.39733967 -0.22606355 -0.08524899 0.10864211 0.08421817 0.013974501 -0.042151082 0.343758 0.02075466 0.06317579 0.076724246 -0.5372364 0.047235336 -0.26318607 0.18624623 -0.28124142 -0.022003695 -0.16368884 0.46042076 0.5313506 0.5030591 -0.32627243 -0.58186185 -0.29367682 -0.16305634 0.05942289 -0.024046687 3.850743e-05 -0.05422507 0.32700354 0.4107118 0.014374404 0.063915685 0.2138056 0.7522054 -0.098251835 -0.002178105 -0.089914754 -0.070091195 0.34241498 -0.14701837 -0.19922575 0.11520524 0.08362738 0.17857741 0.36952296 0.27942464 -0.14652692 0.29077697 -0.10577301 0.8728892 0.7738735 0.050713222 0.16891232 -0.20879492 0.2467606 -0.13180654 0.03951657 0.31991497 0.0076386477 0.26145774 -0.09725775 0.1597635 0.27152032 -0.040770236 -0.41726506 -0.25887725 -0.18604508 -0.04220358 -0.26701847 0.15866956 0.031695534 0.2743991 -0.38978645 -0.13526992 -0.2538057 0.2767007 -0.054167956 -0.026829302 -0.15646543 -0.62061816 -0.36500826 0.21813081 0.3275798 -0.693227 -0.17097585 0.098677866 -0.10137241 0.16686289 -0.07321282 0.18033588 0.07914491 0.3557464 -0.023599042 0.18315046 0.042251557 -0.3022677 -0.31748885 0.2278711 0.04835432
13,0.652,63.768,45.031,0.4173335 -0.0983556 0.35739782 -0.10115358 -0.22056836 -0.061271414 -0.21972515 0.07644044 0.19643436 -0.4032376 -0.21435736 0.037776474 0.37001377 0.11814466 -0.40589255 -0.3118453 0.15042852 0.25375625 -0.0836598 -0.099753805 -0.0819202 -0.30520827 0.07718768 -0.11946293 -2.3882558 -0.2874119 0.20477393 0.07077084 0.07185822 -0.21469077 0.33441833 -0.10482868 -0.022362238 -0.06567533 0.17113537 0.20131023 0.24650745 -0.0036261308 0.22263369 -0.70230407 0.37660822 0.18223616 0.10066947 -0.06352606 0.24612494 -0.036776863 0.49400792 0.32758534 0.61334485 -0.14558077 -0.579702 -0.54252434 -0.15067805 -0.20457247 -0.0124619845 0.14849652 0.28093347 0.23363218 -0.20309995 -0.26319742 0.23427661 0.09392083 0.16803767 0.0016753784 -0.081292115 0.24028584 0.26848298 0.117545135 0.21205169 -0.3109801 -0.015061698 -0.11608991 -0.17226985 0.3236972 0.015499029 -0.049239818 -0.105752416 -0.0015253155 0.56181014 0.22742929 -0.04463729 0.3239223 -0.11181331 -0.13550036 0.16290163 0.20432475 -0.08842808 0.016346114 0.1884057 0.101214126 0.46646044 0.027684158 -0.25264034 -0.55247134 -0.15517803 -0.18401673 0.08964072 -0.12897451 0.08168977 0.11521246 0.33233893 -0.1755695 -0.54434824 -0.19885854 -0.0075702886 -0.2511089 0.21537435 -0.03209404 -0.59787583 -0.38742468 -0.0026244859 0.26228124 -0.8197685 -0.03887692 -0.01713013 0.6221852 -0.096171975 0.37466964 0.095822126 0.010344884 0.18550661 -0.0077100666 0.3404513 0.103632234 -0.6970378 -0.062485427 -0.015745357 0.1072312
12,0.902,67.274,46.518,-0.08983326 -0.013228841 0.2777813 -0.20951773 0.042440273 -0.1615286 -0.18257616 -0.15012206 -0.42162597 -0.011733193 0.058536742 0.29598352 0.31238025 0.17295453 -0.0608031 0.12424425 0.23272409 -0.024893606 0.25030264 0.090510875 -0.0019905628 0.11724738 0.18927363 0.03762354 -2.7210946 -0.09946964 -0.19379012 -0.1142996 0.47417387 -0.020858463 0.29476947 0.008993218 0.19294989 -0.08994012 0.14776248 -0.10396419 0.11319506 -0.0841613 0.24670441 -0.40116996 -0.16310261 -0.18704817 0.118549444 -0.110556215 0.2961423 -0.02541387 0.6423868 0.3106638 -0.045910757 -0.10176652 -0.036103424 -0.21469766 0.09206475 -0.036475558 0.05476374 -0.18410237 0.16734037 0.16219817 -0.098781064 -0.26129442 0.26626977 -0.2927951 -0.048921734 -0.30784363 -0.13954721 0.04526872 0.33889234 0.03998365 0.12083214 -0.16799255 -0.024705973 -0.11691637 -0.014755834 0.22069216 0.12831733 0.06110246 -0.187243 0.07672988 -0.11885482 -0.06549339 0.18632983 0.119485706 -0.33577174 -0.19437355 0.10424836 0.02437186 -0.40192723 -0.099079475 0.22897802 0.28214782 0.13386875 0.10461589 -0.13372028 -0.1619838 -0.1816417 -0.17018856 0.18383655 -0.11097219 0.20019831 0.17309992 0.19985183 0.0029547613 0.010338092 -0.22977316 -0.065040104 0.13864243 -0.07729093 0.024020245 -0.123362504 -0.29069924 -0.027222373 0.4091079 -0.5355171 0.11498324 -0.13784394 0.7645299 0.050097555 0.06271202 0.041980334 -0.20178711 0.15040883 -0.015142189 0.15498652 0.66751844 -0.46198106 0.0842719 0.09004077 0.033199895
11,2.962,68.504,49.487,0.08408569 -0.17459063 0.45928627 0.44201872 0.111050874 0.07496861 -0.16474131 -0.036246274 -0.4628571 -0.14019816 0.37020513 0.004628985 0.070203826 -0.055017922 -0.059144642 -0.06110502 0.22284085 0.15786198 -0.11276629 -0.011392224 0.03765535 0.22431087 -0.020914711 -0.08910786 -2.403559 0.037982162 -0.21711653 -0.26842844 0.012226684 0.17122246 0.94265795 0.091804385 0.07644327 -0.11432784 0.0033797317 0.19638523 -0.107447945 -0.2299434 0.22043344 -0.026173424 0.20080926 -0.47922406 -0.13911659 -0.39337036 -0.17000476 0.034525633 0.9125605 -0.1773611 0.027465876 -0.09382454 -0.64772534 -0.11528575 0.32052937 0.14072603 -0.07453212 -0.014725663 -0.29460472 -0.27757353 -0.4768258 -0.017498003 -0.4186254 0.16394863 0.05741956 -0.39578372 -0.0308812 0.035332188 0.89298147 -0.1891676 0.16184138 -0.20261773 0.11692586 0.028044056 -0.03352898 -0.018199526 0.24481541 0.11962066 0.0038052024 0.017420577 0.23235817 -0.030771872 0.6464251 0.033031967 -0.37047285 -0.24265167 -0.05164781 0.07417426 -0.53781694 -0.026279466 0.25283727 0.22957249 -0.09311091 0.47361678 -0.31531104 -0.083513826 -0.04621871 -0.008344957 -0.062126856 0.06535807 -0.041330885 -0.2808242 0.25478113 -0.08473293 -0.06847558 -0.012901859 0.34784064 -0.6031961 0.26808092 0.13794215 0.19025382 -0.3798955 -0.068636626 -0.125035 -0.11468576 0.042512722 -0.14557621 0.6986962 -0.31807232 0.23495191 0.0037938491 0.16247718 0.36214522 0.230978 0.3338656 -0.25571397 -0.64376533 -0.036827825 -0.23106362 0.29650187
10,1.511,68.406,53.044,0.013885127 0.20082416 -0.08427119 0.21953557 0.14249986 -0.017596543 -0.1884876 -0.12136512 -0.06642602 -0.32468873 -0.014741855 0.036827404 0.56225556 -0.005629826 -0.11510294 -0.3789211 0.2748147 0.4965699 0.47086537 0.105603606 0.38803884 -0.3998276 -0.20410554 -0.5882725 -2.2277153 0.05067945 0.19485435 -0.1459516 0.07419622 0.109149024 0.08071805 -0.1951299 -0.24350657 -0.40704778 -0.3800938 -0.07916103 0.40633819 -0.027296629 -0.053719915 -0.47296864 -0.6477662 -0.083428204 0.12984106 -0.26417255 0.085698426 0.084398344 0.3288936 0.41654378 0.53198195 -0.1313273 -0.21585402 -0.19185255 0.018402278 -0.41360754 0.031858023 -0.05413073 0.3681921 -0.19221129 -0.12382692 -0.35221985 0.11325423 -0.028022792 0.21329603 -0.09482099 -0.06284545 -0.09169913 0.20149624 0.050102834 -0.1557986 -0.31049308 0.09654354 -0.070381954 0.038329322 -0.05697759 0.08073405 0.3099413 -0.27196425 0.13990197 0.7133056 0.2615016 0.567099 0.7786817 -0.3779776 0.1722799 -0.16315399 -0.082345635 0.1435637 0.13287653 0.0014186134 -0.0760881 0.54626423 -0.12149285 -0.1278006 -0.2387202 0.25050902 -0.53249186 0.4005615 0.09903744 0.29671612 0.20772168 0.15129022 -0.47841576 0.10063932 -0.22293869 0.39447168 -0.06838833 0.27438074 -0.034567483 -0.62540466 -0.07868749 0.33697093 0.28117618 -1.2216765 -0.22088912 -0.32034266 -0.06576705 -0.07604377 0.2545453 0.33589554 0.52320164 0.1015891 0.00045279032 0.22467186 0.8051018 -0.25092918 -0.11388073 -0.10696857 -0.1804865
9,1.453,74.096,56.499,0.074831665 0.03882427 0.08301507 0.51406664 0.068544574 -0.06970632 -0.09669783 0.31430858 0.15619648 -0.18335864 -0.16291353 0.30563945 0.42222837 -0.020962704 -0.1591273 -0.2953602 0.61891717 0.06739858 0.3537031 -0.11095454 -0.114574224 -0.49900427 -0.24425201 -0.28365353 -2.3206446 0.016233653 0.1484426 -0.06913985 0.117318645 -0.038468156 0.18579274 -0.16063191 -0.22582695 -0.19834597 -0.2663959 -0.015204006 0.2453109 -0.12313424 0.24853276 -0.4125565 -0.9631123 -0.010867941 0.2266554 0.0029437293 0.116478555 -0.039119646 0.32841548 0.26250026 0.16872504 -0.13605918 -0.13039109 -0.22439094 -0.20342791 -0.41272718 -0.08197934 0.0027331142 0.19359407 -0.22477654 -0.3988492 0.011782127 0.27736837 -0.07136265 0.058823597 0.15685883 -0.1019235 0.18581417 0.34655884 0.4218017 -0.13467236 -0.09809292 0.059477016 -0.014660622 -0.067360654 -0.2144514 -0.011924805 0.18207783 -0.123150975 0.0977606 0.25865802 0.68735087 0.59328806 0.6095535 -0.2772953 0.31062394 -0.0039003172 -0.12533103 -0.025669737 -0.05427907 0.014858162 0.12676445 0.09482082 0.0040924195 -0.23134764 -0.4691996 0.079830855 -0.41526496 -0.09627005 -0.14622393 0.30915752 0.13152854 0.4494099 -0.31651664 0.40009862 -0.51920474 0.34289613 -0.4737442 0.2664937 0.048230678 -0.5687744 0.1521176 0.2541248 0.08385717 -0.77310944 -0.17792505 -0.35298178 0.10167655 -0.017420778 0.25806248 0.1578323 0.51960826 0.24676557 -0.031113941 0.49615544 0.5996477 -0.35888958 0.06260081 -0.126459 -0.24490654
8,5.493,79.485,56.075,0.07763006 -0.11864585 0.2547175 0.6362487 -0.33999175 -0.316724 0.147937 0.15280177 -0.043648634 -0.16140367 -0.2951997 -0.21407184 0.5744078 0.03400925 -0.4697028 -0.26526433 0.44478872 0.13617742 0.2782368 -0.16378555 0.007865908 -0.40111688 -0.3879735 -0.2730577 -2.3988843 -0.4234062 0.15715201 -0.032329515 0.25863042 -0.0037635742 0.52924 -0.07033378 -0.12581271 0.011132774 -0.12190684 0.20420992 -0.14454274 0.005348841 0.07973698 -0.26382166 -0.56230974 0.032072503 0.08841315 -0.41481522 -0.17302212 -0.0034563034 0.44508803 0.1309169 0.47575527 -0.16811652 0.3195592 -0.7343436 -0.19379714 -0.26680988 -0.13286775 -0.07736576 0.18797895 0.18174025 -0.4727559 -0.1112095 -0.023237402 -0.08241005 0.21941203 -0.15314806 0.01672686 0.16918182 0.34588233 0.36451164 0.2223318 0.028937783 0.108920775 0.08680626 0.096406356 0.13510883 0.2090942 0.09092465 -0.11990024 -0.06416538 0.3288012 0.5430931 0.5359909 0.37826133 -0.07643142 0.8833539 -0.09484911 -0.15780255 0.3136716 -0.2370133 0.33367726 0.16270746 0.17182666 0.29842424 -0.13284278 -0.6099152 0.020417681 -0.26516804 0.048973728 -0.0054291943 0.3265193 0.08661932 0.014938698 -0.25762638 0.48771963 -0.5256329 0.38699728 -0.14619733 0.018610468 -0.07083902 -0.47481656 0.042525455 0.19469081 0.26407063 -0.49138728 -0.114755854 -0.13408087 -0.16689907 -0.08607247 0.49241525 -0.046855558 0.3656071 0.21869934 -0.15009415 0.5567488 0.2067062 -0.6386178 -0.18176787 -0.04080828 -0.24346368
7,7.04,79.316,59.567,-0.05959826 0.13302176 0.07988987 0.38410878 0.017346289 0.04045705 0.11705019 -0.039214935 -0.11644908 -0.0119683435 -0.16960941 -0.26040527 0.54055756 0.024433186 -0.21259704 -0.5512222 0.32500836 0.3018886 0.3201067 -0.12585543 0.3365911 -0.5491832 -0.13495846 -0.3062032 -2.4639795 0.079802655 0.028013403 0.05789393 -0.19913451 -0.05381136 0.3751578 -0.1740549 -0.105432846 -0.12575859 0.010424319 0.22708416 0.33807883 -0.05562138 -0.12243584 0.016842905 -1.1273223 -0.2704811 0.0713013 -0.27095115 -0.007226989 0.12683399 0.59295577 0.03458767 0.6326848 -0.08450189 0.011564392 -0.41099817 0.029361565 -0.13291705 -0.054357026 -0.1493685 0.14640339 -0.028514553 0.117216006 -0.058464177 0.30117664 0.22065765 0.13234217 0.0997467 0.04775729 0.0170661 0.25751406 0.09171963 0.14009437 -0.100792214 -0.09251547 0.07546742 0.17322777 -0.11572869 0.13203609 0.19315432 -0.18930794 -0.06947156 0.48263362 -0.12547041 0.5271212 0.3775004 -0.24197066 0.24771866 0.11054538 0.030829571 0.041611373 0.096621364 0.050376814 0.08635491 0.27566418 0.023127673 -0.25936794 -0.21465053 -0.104088515 -0.28792068 -0.0648475 -0.0115506295 0.07550064 0.44001004 0.13934349 -0.37382323 0.32895356 0.019770619 -0.15702197 -0.5147161 0.19804932 0.06416775 -0.61493963 -0.10325097 -0.17020439 0.24491541 -0.42012167 -0.19097716 0.063008994 -0.0066641783 -0.4203804 0.43837962 -0.005490023 0.80934364 0.1816467 0.18350208 0.09099974 0.3646389 -0.53982764 -0.053707737 -0.070908196 -0.030453855
6,7.815,75.27,56.165,0.28651574 0.039526537 0.17689638 0.225793 0.21846846 -0.12016655 0.23658672 0.15321735 0.1910564 -0.11403669 -0.3142379 -0.19588658 0.2893438 0.05614994 -0.26903614 -0.37378734 0.47648865 0.24905951 -0.10478164 -0.09895515 -0.041462537 -0.3114322 -0.45861676 -0.25239003 -2.4966633 -0.12589864 -0.101331 -0.14242812 -0.019133467 0.11471714 0.1749288 -0.10731244 0.32846054 0.024921441 0.4963317 0.45727274 -0.050559595 -0.19447845 0.21634972 -0.34161934 0.07809718 -0.21164505 0.00850793 -0.0685282 -0.17396654 -0.0026654925 0.59799993 0.120336376 0.04148613 -0.18291612 -0.079835884 -0.32965356 0.0066374065 -0.24889497 -0.029642327 -0.20262526 0.22919822 0.32842654 -0.02755359 -0.056528285 -0.34173077 0.115187846 0.32957155 0.29939505 -0.06466238 0.035306305 0.72210765 0.09109871 -0.06500684 0.052866478 -0.13532701 0.26603243 0.20856318 -0.8010483 0.09134397 -0.011825282 0.19394755 -0.11979766 0.78424263 0.0029858553 0.59212524 -0.07826247 -0.35770595 0.29944223 0.1522343 -0.010975853 0.1768173 0.05802258 0.39240825 0.061735604 -0.15938236 -0.15567203 -0.35664657 -0.40257588 -0.2053987 -0.28151318 0.17327455 -0.24560888 0.062092148 0.49181992 0.002259706 -0.33734122 -0.075390555 0.13377441 0.23190339 -0.21428478 -0.0018618443 -0.25933456 -0.35696104 -0.16395536 0.09023856 0.34388256 0.08106842 -0.41334397 0.38634217 0.4925785 -0.16361037 0.27019233 -0.06478018 0.3981054 0.030811673 0.12987947 0.15793763 -0.12922569 -0.4982227 -0.023309486 0.33866215 -0.042200577
5,11.082,76.86,57.337,0.10033073 0.020229192 0.04267394 0.34339434 0.05943644 0.050032794 0.18522736 0.066272035 0.1282475 0.14766 -0.14660875 -0.15045081 0.5544873 0.19445507 -0.18165487 -0.36249393 0.45344087 0.20699912 0.25242075 -0.02999111 0.3462571 -0.33602506 -0.24760394 -0.18366535 -2.5759795 0.023765238 0.05161523 -0.05328927 -0.3382805 -0.17317875 0.2305824 -0.21460313 -0.050801974 0.11365698 0.30721053 0.33127674 0.29000914 -0.08013765 0.1040284 0.105456464 -0.85613763 0.039497692 0.054526664 -0.19650008 -0.24421184 -0.011833954 0.2961958 0.062068988 0.39628837 -0.14055389 0.16951072 -0.5083951 0.12881334 -0.0839725 0.15461479 -0.115219384 0.23195904 0.10828312 0.20395301 -0.005847244 0.16874644 0.28328338 0.03932948 0.3239962 -0.15741377 0.16289936 0.15799809 0.113349535 0.03371469 0.14846495 0.06606307 -0.12777632 0.14734903 -0.4208804 0.0073533887 0.06630981 -0.062212244 -0.11062021 0.6021483 -0.057885367 0.8453017 -0.053291168 -0.31852755 -0.24615863 0.29058266 0.056329336 -0.05154926 -0.042415548 0.06595638 -0.021100093 -0.0607005 0.06568904 0.005192672 -0.2725934 -0.02120429 -0.201677 -0.25723395 -0.2370253 0.12781481 0.5186659 0.19749524 -0.39434868 0.22563924 0.29368612 0.064463444 -0.47486076 -0.064046524 -0.23126604 -0.5664253 0.07789849 -0.014309211 -0.037526634 -0.08001042 -0.36345536 0.117116936 0.08010122 -0.1921067 0.2721273 -0.15184002 0.8693219 0.09953899 0.081117846 -0.00089592475 0.31903762 -0.36012378 -0.15418345 -0.08488159 -0.19354928
4,10.755,71.517,58.483,0.2553592 0.098355636 -0.01724241 0.25667894 0.13976365 -0.02265426 0.19940098 0.23685107 0.37479755 -0.027792245 -0.2600083 0.3273262 0.6286483 0.21252094 -0.3130286 -0.48904997 0.6394362 0.32945326 -0.053461913 -0.017369071 0.120839864 -0.4066747 -0.49403885 -0.24336337 -2.4639585 -0.06821735 -0.0692262 -0.17447902 -0.4067211 0.007938849 0.033433598 -0.22375308 0.08703456 -0.020282464 0.28355265 0.26817858 -0.04954342 -0.26541278 0.25396308 -0.32127377 -0.39746007 -0.20129639 0.016366405 -0.20737085 0.02267205 0.0004018757 0.42797258 0.0927708 -0.06581166 -0.13241325 0.23912184 -0.52268285 0.12037244 -0.08871785 -0.08574838 -0.22091816 0.2781376 0.17403324 -0.0076207467 -0.11656377 0.15742926 -0.046348494 0.33571264 0.41679272 -0.20935749 0.06684297 0.34376135 0.022480672 0.1492226 -0.09265695 0.03899823 0.005255458 0.07783417 -0.5472803 -0.08059993 -0.1476691 0.13007106 -0.19870126 0.5210065 0.113848425 0.7346907 0.16588494 -0.41058463 0.26789117 0.30689394 0.06586176 0.3566725 0.0073767295 0.22852652 0.08596676 0.11118969 -0.22543217 -0.25144213 -0.43363526 -0.16027467 -0.1140293 0.050361685 -0.24811435 0.24509794 0.6010423 0.0717947 -0.42083228 -0.2490047 0.16357088 0.5219385 -0.3404367 -0.030103482 -0.101547286 -0.4774478 -0.17474023 -0.072692476 0.31726247 0.18008274 -0.2391227 0.3556208 0.42557898 -0.268399 0.332231 -0.14016551 0.3849801 -0.002474228 0.10670835 -0.13628377 0.05140667 -0.42530182 -0.10909537 0.40677333 -0.08495634
3,13.171,72.57,55.723,0.31769058 -0.08694622 0.6688049 -0.09886455 -0.0432451 -0.07906834 0.15193394 -0.20616625 0.11281852 0.10172368 0.22016527 -0.2709854 0.34475535 0.036978837 -0.11953324 0.2286593 0.31706807 0.17148122 -0.078805126 -0.0041289665 -0.018266432 -0.23829184 -0.05886468 0.04167512 -2.766863 -0.2760383 -0.16864187 -0.13615786 0.07443587 0.05441565 0.024031704 -0.1853076 -0.052018225 0.068187185 -0.016120732 -0.06917953 0.2571482 -0.0074582216 -0.01113387 -0.3163836 0.27658284 -0.15450309 -0.026197549 -0.013061494 -0.16563687 -0.2978479 0.058304712 0.41684923 -0.0033011178 -0.1997464 -0.05124051 -0.07037137 -0.27619585 -0.09433498 0.08324463 0.302704 0.051337138 0.17018792 -0.035338197 -0.2048583 0.19806509 -0.045061205 0.055125263 -0.03850858 0.058328398 0.024630157 -0.14844747 0.15001673 0.29966408 -0.011961601 0.20869912 -0.029555827 -0.009617467 -0.2105744 -0.061718993 0.0052101887 -0.09277151 0.0314122 0.11092507 -0.117136255 0.22332743 -0.41368723 0.1888272 -0.16154851 0.18212073 -0.34024408 0.024981678 -0.17324267 -0.0654621 -0.0254957 0.26029795 0.39995682 -0.07587944 -0.1071022 -0.104127094 -0.075670145 -0.032950662 0.034112196 -0.08451701 0.3165539 0.05789034 -0.065378346 0.0613034 0.18567903 0.7933589 -0.26726937 -0.15094191 0.11624758 -0.41616908 0.1221052 -0.1388655 0.26975623 0.32174614 -0.12377317 0.12168715 0.24647358 0.328419 0.43917325 -0.04286482 0.21336682 0.29423964 -0.20236401 -0.2316777 -0.05200781 0.18295142 -0.16508257 0.22684312 0.019038502
2,15.909,73.63,58.137,0.06974999 -0.025913162 0.06539823 -0.06333746 0.11194248 -0.020128837 0.08063714 -0.10187115 -0.22168861 0.25892773 -0.030416341 0.023729686 0.26074207 0.022893758 0.016235499 0.1730031 0.31818992 0.13130203 -0.16983017 -0.1030965 -0.16605912 -0.1838683 0.21528576 -0.07084937 -2.7860532 -0.040401973 0.0629494 -0.06655457 0.3375096 0.018696977 0.025377402 -0.36782333 0.20622507 -0.16436438 -0.06564711 0.0016904541 0.5386602 -0.13171923 0.25557342 -0.20657794 -0.05519342 0.02798386 0.17668486 0.046883803 -0.07278969 -0.25468448 0.49206862 0.23388849 0.16947381 -0.09375572 0.041513067 0.09125011 -0.038929198 0.1729689 0.12152272 0.053360812 0.21630208 -0.058941998 0.17892869 -0.101708986 0.21076408 -0.13356248 0.26113296 -0.008110903 0.019021746 0.05353641 -0.30034673 -0.11702549 0.40411228 -0.17847475 -0.19127768 0.13559575 0.3786417 -0.41656128 0.16400832 -0.21257965 -0.49740434 -0.063926816 0.08904273 0.23716909 0.32524145 -0.22777988 -0.20536779 -0.5069166 0.064611465 -0.14694029 -0.13586174 0.033811532 0.010650174 0.13034467 0.183374 0.35583842 -0.0022319807 -0.21074115 -0.11275178 -0.052413676 -0.12989469 -0.13219312 0.081907056 0.2419545 0.09106024 0.06255965 -0.058456313 0.16428506 0.21228202 -0.46215266 -0.011264892 0.06874044 -0.054213293 -0.14587013 -0.03308282 -0.023050817 0.012764746 0.012436981 0.15218274 0.2927667 0.31122556 0.07675115 0.042060126 -0.1579826 0.1130595 -0.047592152 -0.053673275 0.25399116 0.076726295 -0.1257951 0.2036162 0.06117834
1,16.466,70.142,59.602,0.22151332 -0.023132948 0.06300799 -0.29384655 -0.066124305 0.0041232947 -0.15815847 -0.05552315 0.3214922 0.24126028 -0.042963557 0.30570278 0.14901754 0.024771262 -0.26422983 -0.043061964 0.386035 0.09921733 0.15207478 0.01531669 -0.1428048 -0.25199035 0.4542139 -0.11371095 -2.500074 0.13944885 0.2973896 0.09697669 -0.13966225 -0.0713141 -0.17834584 -0.17523813 0.07592345 -0.026121208 -0.12356342 -0.01651028 0.2283317 -0.21526873 0.4909446 -0.30300158 0.3451258 0.12346129 0.09951529 0.07986147 0.042847652 -0.1271021 1.0606312 0.011440634 -0.050749723 0.022466408 -0.3384806 -0.5876347 -0.08716678 0.13188608 -0.019338178 -0.18508008 0.14410086 0.06925723 0.21951102 -0.31113365 0.16649346 -0.039711036 0.15124884 0.4398412 0.027397506 0.13473123 0.3884726 0.14148994 0.388451 -0.035696995 -0.119284935 -0.16956128 0.4695935 -0.40049678 0.00268374 -0.17359607 -0.22024885 -0.1336587 -0.21450107 0.66418743 0.5590821 0.06994705 -0.41659573 0.07799664 0.07924124 -0.1701118 0.095709704 -0.14135686 -0.13597898 0.25665122 0.1663319 0.2172558 -0.33385253 -0.27903044 0.11912788 0.15254508 0.46474177 -0.32657763 -0.061932422 0.035195597 0.30141616 -0.21808505 -0.25811595 -0.04223595 0.043984 0.3060003 -0.0048798593 0.16369714 -0.36968553 -0.4405141 -0.06635228 0.035365343 -0.5581553 0.1361827 -0.025782296 0.31123218 0.1281783 -0.31384242 -0.22259684 -0.29387936 -0.17738403 -0.1068719 -0.2528749 0.039802797 -0.24784848 -0.010604126 0.32678214 0.03658248
0,15.562,67.773,56.726,0.3223207 0.099538706 0.24406128 0.1146194 -0.2522894 -0.022692213 -0.06703287 -0.2009917 0.16365902 -0.107698485 0.08859419 -0.56497955 0.40160596 0.015259668 -0.28390026 0.0034463916 0.075021386 0.090070315 0.16097765 0.03810498 -0.019928493 -0.63414437 -0.2453947 -0.17310148 -2.3292236 -0.3692484 0.3010376 -0.056378234 -0.2541037 -0.03281881 0.07176804 -0.020394018 0.02140304 -0.04690273 -0.07755129 0.14146715 0.3138343 -0.119868614 0.15678862 -0.285284 0.09467671 -0.4404816 -0.0003513462 -0.28316155 0.001338966 -0.036732998 0.7764309 0.41514257 0.8366376 -0.19501686 -0.5493481 -0.17320487 0.0009774669 -0.23743534 0.05230992 0.13837348 0.2699401 0.21605395 -0.06877603 -0.09112883 0.57545215 -0.19792587 0.19737488 -0.09746672 0.10270279 0.11780182 -0.26055318 0.24350305 0.30420095 -0.3527877 0.34275365 -0.026811143 0.09089712 -0.25862545 -0.2389405 -0.085365035 -0.008453529 -0.09116135 0.41397274 0.51332 0.7351469 0.101798065 -0.43253666 -0.17249063 -0.057901423 0.13676594 0.46935338 -0.14056519 0.1436596 -0.013859938 0.4300875 0.04951588 -0.075267926 -0.6117849 0.21889473 0.12807278 0.5714208 -0.29011878 0.081665955 0.1465128 0.29768714 -0.14473656 -0.6525622 0.21382944 0.57441777 0.1623803 0.16667591 -0.050442673 -0.72624 -0.029840022 0.13728271 0.30831453 -0.62973833 0.08223048 0.104542404 -0.44191206 0.3080415 -0.061930098 -0.033578996 -0.2894841 -0.101151824 -0.3040086 -0.17414305 -0.026903754 -0.21892124 -0.086396754 0.12890553 -0.046005458
